{"type":"FeatureCollection","features":[{"type":"Feature","geometry":{"type":"Polygon","coordinates":[[[35.46325741209904,0.11524986777295737],[35.46713241989805,0.11931655283369422],[35.46861725426285,0.11492434922075051],[35.475894498445314,0.11467906821396276],[35.47542634771707,0.10906955555953668],[35.47910060237245,0.10887782511234745],[35.481405953591576,0.10565831519221232],[35.50091895955305,0.10899375115807851],[35.50529783611995,0.10922116625883888],[35.50779051596309,0.1131942346875016],[35.50684070986799,0.1153122536281607],[35.50769685595122,0.11634234561446549],[35.50919506897032,0.11586076438882656],[35.50723757777133,0.1324976041247429],[35.50795995592391,0.13850845618236998],[35.510965367661605,0.13824091890615675],[35.51623158774628,0.14681125765627992],[35.51422497557636,0.15479306211407381],[35.51761385641382,0.156050533881956],[35.519656139043946,0.16525853590757514],[35.51530401929287,0.1715369201923307],[35.50077181477008,0.1703151286337203],[35.47943508837497,0.1587883664687891],[35.47042764054406,0.14741770610183544],[35.463364415114725,0.1298533519111129],[35.46325741209904,0.11524986777295737]]]},"id":"00000000000000000000","properties":{"CONS_OBJ":"Not Applicable","DESIG":"Forest Reserve","DESIG_ENG":"Forest Reserve","DESIG_TYPE":"National","GIS_AREA":30.1921420786,"GIS_M_AREA":0.0,"GOV_TYPE":"Federal or national ministry or agency","INT_CRIT":"Not Applicable","ISO3":"KEN","IUCN_CAT":"Not Reported","MANG_AUTH":"Kenya Forest Service","MANG_PLAN":"Not Reported","MARINE":"0","METADATAID":178,"NAME":"Nabkoi","NO_TAKE":"Not Applicable","NO_TK_AREA":0.0,"ORIG_NAME":"Nabkoi","OWN_TYPE":"State","PARENT_ISO":"KEN","PA_DEF":"1","REP_AREA":30.33,"REP_M_AREA":0.0,"STATUS":"Designated","STATUS_YR":1932,"SUB_LOC":"KE-700","SUPP_INFO":"Not Applicable","VERIF":"State Verified","WDPAID":7680.0,"WDPA_PID":"7680"}},{"type":"Feature","geometry":{"type":"Polygon","coordinates":[[[35.69599572569052,-0.25000760446355974],[35.69764564562417,-0.2528213130408891],[35.703108043097515,-0.2607272147214076],[35.71176309726333,-0.25479220172466743],[35.71356903237898,-0.2552469906312822],[35.71555784724148,-0.25290153723407466],[35.715878853070265,-0.2499585910771748],[35.717658028655116,-0.2495483299166855],[35.71885759563405,-0.2464359153162896],[35.713083009000805,-0.2446478129026408],[35.71135290179027,-0.24723854521092564],[35.71032282016988,-0.2468818346375426],[35.710505668960735,-0.2428775791484546],[35.708788924025605,-0.24241384203563365],[35.69847951158208,-0.24752394096647704],[35.69599572569052,-0.25000760446355974]]]},"id":"00000000000000000015","properties":{"CONS_OBJ":"Not Applicable","DESIG":"Forest Reserve","DESIG_ENG":"Forest Reserve","DESIG_TYPE":"National","GIS_AREA":2.7535614581,"GIS_M_AREA":0.0,"GOV_TYPE":"Federal or national ministry or agency","INT_CRIT":"Not Applicable","ISO3":"KEN","IUCN_CAT":"Not Reported","MANG_AUTH":"Kenya Forest Service","MANG_PLAN":"Not Reported","MARINE":"0","METADATAID":178,"NAME":"West Molo","NO_TAKE":"Not Applicable","NO_TK_AREA":0.0,"ORIG_NAME":"West Molo","OWN_TYPE":"State","PARENT_ISO":"KEN","PA_DEF":"1","REP_AREA":2.77,"REP_M_AREA":0.0,"STATUS":"Designated","STATUS_YR":1932,"SUB_LOC":"KE-700","SUPP_INFO":"Not Applicable","VERIF":"State Verified","WDPAID":33506.0,"WDPA_PID":"33506"}},{"type":"Feature","geometry":{"type":"Polygon","coordinates":[[[35.46657502532611,0.02465437221642193],[35.46921032780388,0.02086410787157708],[35.47226924804952,0.02470342441249868],[35.47711187832304,0.027200494916550435],[35.48389861468835,0.029461252050634674],[35.48880807681277,0.03193610850894076],[35.492749889824175,0.03486123485702472],[35.49641533935979,0.0360027640298516],[35.498288110964516,0.03823232920317794],[35.500615812599285,0.037839943473657656],[35.50231911947754,0.03709523788072932],[35.50484748457435,0.03670729213711366],[35.5063769150436,0.0385756615576645],[35.507808312188615,0.036256962585868496],[35.5102697515747,0.03552562696155342],[35.514978536574866,0.03469626873191684],[35.51629842105371,0.03849540196249046],[35.52276411594714,0.03817435292802239],[35.52733025752505,0.04429673378668404],[35.533336693596546,0.043877523702214004],[35.536819236859124,0.04569240002064171],[35.53996288526628,0.04517066058697796],[35.540007483438124,0.043743778737254525],[35.53833085923168,0.04224552083851175],[35.53484387077851,0.037567943436262734],[35.53656508375414,0.037402919966345836],[35.54355688459305,0.04039051730673624],[35.54715540083883,0.05510555527022972],[35.5388837523472,0.0570452665711257],[35.53940548956242,0.05880664333727001],[35.53932965538818,0.0612279180612506],[35.53861181626565,0.06177189478558356],[35.5395526477463,0.06321666875221808],[35.54128720665199,0.06521880963694955],[35.54257592919655,0.06654762401221813],[35.543289390443285,0.06625777033560533],[35.54538965088099,0.06858540127696368],[35.54589347478288,0.07015947386936532],[35.54461374090343,0.07153287340717082],[35.5425625668751,0.07398095120369842],[35.54011004243671,0.07745900753563126],[35.541108900153915,0.08150788524855303],[35.54089484832143,0.0853605232984367],[35.542477799597,0.08689895704417559],[35.57408390333518,0.06419320502376077],[35.574743908951326,0.07821707889684706],[35.57585862664888,0.11241388292235466],[35.534834933872645,0.11280182067520743],[35.534282013104935,0.11129910760146315],[35.532382425875774,0.10938616617024724],[35.531454958752704,0.10852106848048584],[35.53091980605849,0.10572077129683909],[35.53092874339645,0.10371416684335388],[35.53074590364135,0.10175219843077349],[35.52877949403674,0.10165855198734254],[35.527356987193954,0.10506081789316185],[35.523905696348265,0.10603737211981892],[35.52139070641926,0.10748659031535134],[35.51301207854492,0.10365620593060108],[35.521239087798385,0.08048227831601909],[35.51813556356158,0.08100397801286958],[35.50996204440527,0.07579131405675689],[35.50154329833412,0.08308193618903238],[35.500718337894746,0.0830730326549442],[35.48285517474315,0.08515095395759295],[35.48101355622244,0.04140721646750101],[35.46657502532611,0.02465437221642193]]]},"id":"00000000000000000085","properties":{"CONS_OBJ":"Not Applicable","DESIG":"Forest Reserve","DESIG_ENG":"Forest Reserve","DESIG_TYPE":"National","GIS_AREA":57.8767695378,"GIS_M_AREA":0.0,"GOV_TYPE":"Federal or national ministry or agency","INT_CRIT":"Not Applicable","ISO3":"KEN","IUCN_CAT":"Not Reported","MANG_AUTH":"Kenya Forest Service","MANG_PLAN":"Not Reported","MARINE":"0","METADATAID":178,"NAME":"Timboroa","NO_TAKE":"Not Applicable","NO_TK_AREA":0.0,"ORIG_NAME":"Timboroa","OWN_TYPE":"State","PARENT_ISO":"KEN","PA_DEF":"1","REP_AREA":58.13,"REP_M_AREA":0.0,"STATUS":"Designated","STATUS_YR":1932,"SUB_LOC":"KE-700","SUPP_INFO":"Not Applicable","VERIF":"State Verified","WDPAID":7726.0,"WDPA_PID":"7726"}},{"type":"Feature","geometry":{"type":"Polygon","coordinates":[[[35.361719232634144,-0.35098254998948186],[35.36454188633546,-0.3561505490407472],[35.36673129275014,-0.36027516197449816],[35.37733944820497,-0.3611446905310402],[35.381044982522006,-0.3602885407200751],[35.38361342755453,-0.3594814397626546],[35.38678826707193,-0.35687294453794427],[35.39139902067257,-0.3545408611705244],[35.39502426867698,-0.35303817530733145],[35.3962549874985,-0.35502245476446975],[35.39588937139949,-0.36014140355750224],[35.40422785667697,-0.36281676656012307],[35.404874436514724,-0.3638958695244027],[35.454446234371495,-0.3689345822823754],[35.49740972195152,-0.35239607459673455],[35.5127266883718,-0.3450520439288278],[35.497556872828376,-0.3373112297444546],[35.48959287795938,-0.33973693788220205],[35.485026785104736,-0.3445125434187032],[35.48283737304838,-0.3449316933655017],[35.481789489892535,-0.3463362795687324],[35.48069253281279,-0.3472369950444022],[35.47729024195947,-0.3502378871289906],[35.47448544102181,-0.3503583170056503],[35.47246550986248,-0.3350683379491883],[35.47894455858171,-0.3317196023291391],[35.47959113122427,-0.3151587461774058],[35.48071484820145,-0.3031862240584802],[35.479898786334196,-0.29968146442276156],[35.48085751610329,-0.29672953222265036],[35.4822710598221,-0.2946293167861003],[35.4839164161507,-0.2933585315093875],[35.49812759176415,-0.29208321469775045],[35.50888292961482,-0.28809236910724023],[35.51216927235049,-0.2911512669767276],[35.5145683396049,-0.29297503681642934],[35.51712339015525,-0.2945490942914426],[35.519834492776226,-0.29595811810125044],[35.52165384550121,-0.29525809431958927],[35.5229514010583,-0.29532048219361523],[35.53252959682572,-0.29922215339091807],[35.53746576602157,-0.2983749528481664],[35.53932522894189,-0.2962970219410837],[35.54307091813696,-0.29910177188805687],[35.56166534205762,-0.27560707306118043],[35.57318763612129,-0.28330785831468946],[35.57002165283132,-0.3045016850729992],[35.581758034373266,-0.3085103580937049],[35.58551260818324,-0.29281899953255464],[35.59313766140552,-0.28532329903398734],[35.59286565751508,-0.27885322030265014],[35.595233454403726,-0.27804170148283963],[35.60189980194414,-0.2837894313629417],[35.603580864927586,-0.2905493300719226],[35.60514155830078,-0.2943082976309526],[35.61193275086938,-0.2896396536430731],[35.618380615888526,-0.2911200761420671],[35.62019107507754,-0.2945089297549897],[35.63132985479511,-0.2888102871358407],[35.63220386914604,-0.27680651459817723],[35.63290836267675,-0.2761599663138758],[35.64134053323623,-0.27263284669726623],[35.6465309435079,-0.2726551452203006],[35.65072694995007,-0.26650613616226543],[35.65457513283265,-0.2529728880335361],[35.65873994630908,-0.23675973664989883],[35.6576965115353,-0.2353506645670464],[35.65595303117647,-0.22291878975981996],[35.658365422169574,-0.21948535620479692],[35.65605560951617,-0.21415674422617398],[35.65671552703264,-0.20806563991248786],[35.658178117746786,-0.20662983036492302],[35.65641229756763,-0.20220196357168388],[35.66024269536903,-0.19774292171866795],[35.66679308482813,-0.18638118117826935],[35.670815181725715,-0.1650176956487479],[35.66903604827949,-0.16450045342875966],[35.66835380178992,-0.16405903658616852],[35.666846618498475,-0.16439345776484363],[35.665379599551365,-0.16507123551448938],[35.664055231878436,-0.1651782235371547],[35.66204412248373,-0.16491071243454536],[35.66022034614417,-0.16460305485427462],[35.65905209011997,-0.1655840418318816],[35.65786155059555,-0.1662662959734106],[35.65665306319091,-0.16620831147045442],[35.65523514592254,-0.16619940612470427],[35.65352280354032,-0.1655438967532335],[35.65305017659796,-0.16443801923690052],[35.652894051469715,-0.16303344974697748],[35.65237238117015,-0.16203908077959864],[35.651828355917516,-0.16040259082743288],[35.65189966405193,-0.15952859642292655],[35.652180642505265,-0.15764688613299763],[35.651658884167276,-0.15674613255976302],[35.65049509064229,-0.155956867132743],[35.6489924092467,-0.1552121824828294],[35.64847063018561,-0.1538031204023211],[35.64772148430618,-0.15239407205996855],[35.646147437816,-0.15259025673170548],[35.64479639556078,-0.15269730291746006],[35.64326691623338,-0.15241186523739225],[35.641670511450904,-0.15168508711913017],[35.64043984262544,-0.15142642771876452],[35.63899953410714,-0.15189909833325763],[35.63707763669399,-0.15268834562953962],[35.635316274108185,-0.1534597928237556],[35.63380913771305,-0.15361139190869214],[35.632141386236384,-0.15375854094263305],[35.63092859084789,-0.1545121126688484],[35.628962118279766,-0.15436051154815317],[35.62780275121186,-0.1530851983618202],[35.62673255138887,-0.15174301737394721],[35.62513173011956,-0.15214878620770367],[35.623713756962914,-0.1532189678809298],[35.62144850215813,-0.15368721857162793],[35.619918995674176,-0.15411525849385124],[35.61822459026268,-0.15504722830021694],[35.61616443957954,-0.1559746883642767],[35.61510768555227,-0.15794563264391703],[35.61412217586633,-0.1592476950417973],[35.61254371649317,-0.1605274287789356],[35.610853661770534,-0.16030895774011414],[35.60976120700644,-0.15885080371577429],[35.609310852984834,-0.15723659961685482],[35.60858395608637,-0.1559212210729592],[35.60632319887153,-0.15537718573079964],[35.60887384779545,-0.16438901055394545],[35.622210991828446,-0.16482596224075238],[35.63370653095316,-0.17635717477829843],[35.62488644824804,-0.1844860836836365],[35.621782900531066,-0.20373590669332128],[35.60817823945499,-0.2009534419523289],[35.606992119916285,-0.20694642310494454],[35.61033196890651,-0.21194057479123837],[35.610844733274256,-0.21656464681883272],[35.608503764211704,-0.22643701386938225],[35.59555452464365,-0.22513049480595737],[35.593512239056544,-0.22208048791363194],[35.573713826992844,-0.22694089661471245],[35.571595768891974,-0.2241183292129109],[35.57079756940382,-0.22431897002560489],[35.570066317910495,-0.22394885454106353],[35.56739079434632,-0.2254471006523094],[35.565714236908434,-0.22796648682120518],[35.56324387912076,-0.2226379096489129],[35.563110122971054,-0.22109505054742387],[35.56233421604451,-0.22131798328147226],[35.56148699699134,-0.22218754478640707],[35.560363313827246,-0.22286975146629603],[35.55936001804864,-0.22249521642077927],[35.55846367094789,-0.22345388974215585],[35.55794197315424,-0.2233112402935966],[35.55697881065027,-0.22399790628152275],[35.55677373529666,-0.22434126410906027],[35.55599785103445,-0.2244037153570047],[35.555079255228875,-0.22513496677469166],[35.55370580936136,-0.22569682513182832],[35.55258661075221,-0.2258751756867902],[35.55173937303181,-0.22672239176648795],[35.55109730021282,-0.2275205543961741],[35.55070482244559,-0.22859967150558733],[35.55001814878327,-0.22900991694080863],[35.54923785729697,-0.22962523429433945],[35.54884545401404,-0.23047248370938678],[35.54820327471102,-0.23131972646195],[35.547793078968915,-0.23210002618695322],[35.54742296571611,-0.23331734439303187],[35.54675856141361,-0.2333798146422742],[35.54627695674377,-0.23418244394313728],[35.54550105527601,-0.23394611010322316],[35.544270420703164,-0.23329508111786945],[35.54301287589218,-0.233353038556029],[35.54221472816853,-0.2332326471083667],[35.54207208463641,-0.2353507030922788],[35.54226826118567,-0.23698270571653066],[35.542629461974734,-0.23822678620601395],[35.54205421241969,-0.2396982930978555],[35.5412515453838,-0.24132581408041798],[35.540560448617434,-0.24295340459244336],[35.53948132366562,-0.2447147370780809],[35.53817033577988,-0.24636460080822092],[35.536863836763054,-0.24800997967807992],[35.53626632964274,-0.24970884760736964],[35.53482157027323,-0.25137657804249175],[35.534317677443596,-0.25262954279637556],[35.53305571825586,-0.2561031696634632],[35.52972035624088,-0.26033928192297406],[35.52592560101546,-0.27075561788105834],[35.51131317346798,-0.27149135559769416],[35.51012705178897,-0.2707155029679906],[35.505908772848606,-0.26942683012407204],[35.498894588243594,-0.2729628123376389],[35.47053471772105,-0.2791609137220797],[35.45138731322947,-0.29003653689730896],[35.414742405411886,-0.30357418834248334],[35.40647969588138,-0.31211320893583133],[35.403099738713976,-0.3152969735928621],[35.39620595989679,-0.3208395905155547],[35.395318605426816,-0.3197069512861275],[35.394177061536624,-0.3193636336797641],[35.39275906179773,-0.32217728860559713],[35.39022629650345,-0.3248794560640329],[35.389107022041806,-0.3256865362154735],[35.387715793675774,-0.326034350255718],[35.382944588593865,-0.330970495317954],[35.379885582777106,-0.3363926337779083],[35.374704108060335,-0.3419797888881772],[35.36917933459755,-0.34599739090315934],[35.361719232634144,-0.35098254998948186]]]},"id":"000000000000000000c6","properties":{"CONS_OBJ":"Not Applicable","DESIG":"Forest Reserve","DESIG_ENG":"Forest Reserve","DESIG_TYPE":"National","GIS_AREA":226.471664156,"GIS_M_AREA":0.0,"GOV_TYPE":"Federal or national ministry or agency","INT_CRIT":"Not Applicable","ISO3":"KEN","IUCN_CAT":"Not Reported","MANG_AUTH":"Kenya Forest Service","MANG_PLAN":"Not Reported","MARINE":"0","METADATAID":178,"NAME":"Western Mau","NO_TAKE":"Not Applicable","NO_TK_AREA":0.0,"ORIG_NAME":"Western Mau","OWN_TYPE":"State","PARENT_ISO":"KEN","PA_DEF":"1","REP_AREA":227.48,"REP_M_AREA":0.0,"STATUS":"Designated","STATUS_YR":1932,"SUB_LOC":"KE-700","SUPP_INFO":"Not Applicable","VERIF":"State Verified","WDPAID":33507.0,"WDPA_PID":"33507"}},{"type":"Feature","geometry":{"type":"MultiPolygon","coordinates":[[[[35.574743908951326,0.07821707889684706],[35.57952407186941,0.07881009921656763],[35.5795597162526,0.07588943225990559],[35.57835130444864,0.06902242569332583],[35.579167293264845,0.06694892153549267],[35.581544006715916,0.06615523249829167],[35.58376906526978,0.061660454047580054],[35.58571769403136,0.06265927581344034],[35.58450929098367,0.06450536957968729],[35.58156629433386,0.07307129593806784],[35.581539582581286,0.0793719798227863],[35.587492411893145,0.08280549803422366],[35.59056030631885,0.09039486394656814],[35.593895745343,0.10430275718621154],[35.57585862664888,0.11241388292235466],[35.574743908951326,0.07821707889684706]]],[[[35.69721753993219,0.1678403406706718],[35.659587226710094,0.16751482867567358],[35.66249901771064,0.16038028868922208],[35.65106139331141,0.15116782163678474],[35.63268546142454,0.13523546278777043],[35.632765712620234,0.10560485824516319],[35.62238936948264,0.10555577654848079],[35.62229125347859,0.10394607087993422],[35.61986551414998,0.10345557455337644],[35.609119095032604,0.096579623465146],[35.61266854582888,0.09069805366531504],[35.60947582453914,0.08630142191870603],[35.598506441410066,0.08827678345617296],[35.59217892498417,0.06703365322941864],[35.58851806114939,0.06735470052084092],[35.58686815170009,0.0661463114446744],[35.58581134722447,0.06424224974936864],[35.58741219902751,0.06368043044109958],[35.589111092141565,0.05845437330694856],[35.59056923706325,0.05741092593306286],[35.59193370964176,0.05429847796998409],[35.592549083559085,0.05374556408548965],[35.59341417132367,0.053625132431166046],[35.594310380772576,0.05478896942056768],[35.596111866826824,0.05344680118536209],[35.59512645852628,0.051935147194055495],[35.59402945047899,0.05180581660250194],[35.59392245300336,0.047413618049398934],[35.59569715720452,0.04462222186125453],[35.59395817448528,0.043574304398732264],[35.592763082014024,0.041746122720146245],[35.5915279091624,0.04216522789825682],[35.58797402128198,0.03899037554545539],[35.58630632174204,0.039208899833459834],[35.58279252120442,0.04134475614075208],[35.58738098192816,0.031182466166424182],[35.588402125376135,0.02997852373234944],[35.58982455982016,0.030683095764037764],[35.59039980314583,0.032310659368733397],[35.591862348331546,0.03262722062565106],[35.59361923707666,0.03149016200278624],[35.5952646684629,0.030928348958175183],[35.59668264198633,0.030388776709438074],[35.597962385489026,0.030540358557786074],[35.59922433255724,0.031708650756989164],[35.601074863200694,0.03137425017448711],[35.602443831279324,0.030812368473542993],[35.603723566732675,0.03034863925059696],[35.604588617994885,0.029282904977909665],[35.606073520331094,0.028952967663974056],[35.608267360436926,0.028712128588473766],[35.61050586690345,0.028466888514609556],[35.6122226305211,0.028248421437781942],[35.61411775351982,0.02722729422592723],[35.61599055380667,0.0269641870645036],[35.61816217992762,0.027089012939023997],[35.62022227946425,0.02703106580645674],[35.62175620210923,0.02761964767705605],[35.622692560528016,0.02850700851921106],[35.62413733275838,0.029670833005883135],[35.62585405585712,0.0305136189611049],[35.62750400104172,0.03146785386204743],[35.62874362762817,0.03196729170443406],[35.63000108784682,0.03326935701626265],[35.630919664579295,0.03431726250460131],[35.631722273982156,0.035003921084111045],[35.632761207877486,0.035026217611074426],[35.63355495633728,0.03447330271078482],[35.63541887881293,0.03407642565455803],[35.637697503681586,0.03398283589023148],[35.63936071889721,0.03446883045125736],[35.641184468750005,0.035534587545369534],[35.64265151299611,0.037594673299438656],[35.643904501710686,0.038544454375707166],[35.64509508144898,0.040051647016050865],[35.64680743679712,0.041300217298742885],[35.64897005688842,0.041416098764163564],[35.65109258571347,0.041924438342880135],[35.65270681767555,0.04148299179505577],[35.654410170411325,0.04087660285942505],[35.65646133475351,0.041549927010350964],[35.657990812886695,0.042869821372295946],[35.65959164655485,0.04418968163039938],[35.660933850412995,0.04453748729653159],[35.66393923817627,0.0452999857924165],[35.66530822001032,0.04611155305355619],[35.666855540773376,0.045389212636172724],[35.668830924670374,0.044091608688518066],[35.67112736191631,0.04392659558980432],[35.67216628616556,0.04219199186588862],[35.67447613505466,0.04003378826090262],[35.67700444401609,0.04007841023261523],[35.678618654684406,0.03964139343491479],[35.680571738571324,0.03899036562001828],[35.682324187715324,0.039106335528798226],[35.685730932484454,0.03752781811031085],[35.68725593402145,0.037434124625907436],[35.68899048062399,0.03789789454932851],[35.69090346512537,0.03910184083155205],[35.69288334092725,0.03849986919583124],[35.69514407895314,0.04007392668977853],[35.69678501415622,0.040974667366496756],[35.69870239671229,0.041875425413778346],[35.70034334227463,0.0429634255479618],[35.70258186546686,0.04476934683548252],[35.7060688424901,0.045326753792703935],[35.709551417019334,0.04604467616354826],[35.71287791491531,0.04641030491999788],[35.71563359873325,0.046802739219467156],[35.71875051449297,0.04728877355058807],[35.721234260018775,0.04789074430253837],[35.72067245330753,0.05105667681851494],[35.72027113657103,0.052826983679535436],[35.720230971454406,0.05502085079556193],[35.720012479532535,0.05670193263491718],[35.71806385847206,0.05808870801834148],[35.716690445387094,0.059181172266353305],[35.716449610248326,0.060724018995960125],[35.717658028655116,0.06059918138510745],[35.71812627441497,0.06185218820572041],[35.718478519415996,0.0630115539880038],[35.719339167333516,0.06378295921343723],[35.719009175618645,0.06507166309966321],[35.719686990457994,0.06558443523388119],[35.72013289182124,0.06676610888785978],[35.721042519548995,0.06691770521986647],[35.721555326362925,0.06796116403575701],[35.72276375084523,0.06802357834581252],[35.72365551672073,0.07029323928790303],[35.72497098236006,0.07077037399244152],[35.72589846968112,0.07143032223840001],[35.726843777400646,0.07284830698333321],[35.72767767199908,0.07357515625731854],[35.72750819412601,0.07470329771375459],[35.72889050314853,0.07543456667379199],[35.72879693349818,0.10541756632324221],[35.71934358388005,0.10369185254726809],[35.71243647331996,0.10723687136811577],[35.7115134133131,0.1089580953576147],[35.69075183184493,0.11714051836176985],[35.68985553074273,0.126295035158808],[35.70609117892276,0.13126246838444486],[35.72115843050949,0.13155228180592313],[35.72580931271207,0.1305222499873987],[35.72905106274707,0.1270708733120212],[35.728837010984286,0.1417278998060908],[35.728087866954525,0.16806330677068276],[35.69721753993219,0.1678403406706718]]]]},"id":"00000000000000000083","properties":{"CONS_OBJ":"Not Applicable","DESIG":"Forest Reserve","DESIG_ENG":"Forest Reserve","DESIG_TYPE":"National","GIS_AREA":168.528179235,"GIS_M_AREA":0.0,"GOV_TYPE":"Federal or national ministry or agency","INT_CRIT":"Not Applicable","ISO3":"KEN","IUCN_CAT":"Not Reported","MANG_AUTH":"Kenya Forest Service","MANG_PLAN":"Not Reported","MARINE":"0","METADATAID":178,"NAME":"Lembus","NO_TAKE":"Not Applicable","NO_TK_AREA":0.0,"ORIG_NAME":"Lembus","OWN_TYPE":"State","PARENT_ISO":"KEN","PA_DEF":"1","REP_AREA":169.28,"REP_M_AREA":0.0,"STATUS":"Designated","STATUS_YR":1959,"SUB_LOC":"KE-700","SUPP_INFO":"Not Applicable","VERIF":"State Verified","WDPAID":7628.0,"WDPA_PID":"7628"}},{"type":"Feature","geometry":{"type":"Polygon","coordinates":[[[35.46325741209904,0.11524986777295737],[35.463364415114725,0.1298533519111129],[35.47042764054406,0.14741770610183544],[35.46757829937011,0.1593591328247702],[35.46134002797144,0.1648616605640027],[35.459275462379914,0.16392079157161002],[35.45907482153345,0.15909161704645428],[35.45111533482468,0.1546637287938195],[35.42776746028423,0.1565142269986586],[35.42744639422908,0.15566255951793329],[35.42742406424287,0.15508737127768757],[35.42740181788349,0.1546993878160101],[35.427036173844776,0.15440062427992962],[35.42711194559393,0.15145316728423036],[35.426028386165356,0.1526080705100548],[35.42191706897078,0.15068179724185507],[35.42139984647588,0.13453542365969925],[35.416641981887125,0.137023581334901],[35.41449715524294,0.13956082029770045],[35.410359158645186,0.14135782499487554],[35.407108439669635,0.15677285539187125],[35.39955474528231,0.16536108681034906],[35.39482363716447,0.16516485712712342],[35.39263422845135,0.1679250712776841],[35.40044205380275,0.18208265514511884],[35.41278038344755,0.18036585783253986],[35.41218288419799,0.18094112947414168],[35.4119287595754,0.18130673609518555],[35.41179048801198,0.18202021933206125],[35.411652216214584,0.18255081458743022],[35.411763720350166,0.18308143637463883],[35.41169688480629,0.18376814586011778],[35.41148726008008,0.18445933952280055],[35.411050275282726,0.18485172686102053],[35.410568702614896,0.18480710103725295],[35.410176298678124,0.1851995131840201],[35.410149530487594,0.18556519290810214],[35.40971697204319,0.18531548076456056],[35.40946283975261,0.18586840893717838],[35.409485174649845,0.18630538600715063],[35.40923095798696,0.18699209720914908],[35.408495239299995,0.1871080244464762],[35.40782635275457,0.18777688726457958],[35.40718422990612,0.18761632213620888],[35.406747222102396,0.18793738044822084],[35.40667586513156,0.18842344887927004],[35.406194350344926,0.18895406712490603],[35.40584651354186,0.18931968844231534],[35.4060516353758,0.18978343046715526],[35.40577515578484,0.19024271269815454],[35.40621216878488,0.19086257058118622],[35.40565920975374,0.19106767707901523],[35.405293552037556,0.191575973522478],[35.40453554532643,0.1912995223112301],[35.404531111539534,0.19247224839246097],[35.40372842483802,0.1929359976658208],[35.40312642555519,0.19330609534833867],[35.40292129638253,0.1941087450058622],[35.40266714296627,0.19502731192363224],[35.40234162800653,0.19590576072035173],[35.40156134053374,0.19648095645917463],[35.40098609649724,0.19634276640959433],[35.40077652796534,0.1967351523929955],[35.40098166251789,0.19747091066105982],[35.40077652796534,0.1983448987204958],[35.370757843432635,0.19040773932900157],[35.36663320216573,0.18479819356593583],[35.36274480358373,0.1886686892715962],[35.35969031704863,0.18752268387801596],[35.35778188530644,0.18741124672707835],[35.35417440954932,0.18812911574683577],[35.352747513991226,0.18891394573050216],[35.35127605951823,0.19036313720636117],[35.34952807662261,0.1909428086859363],[35.34761957600289,0.19174990620813662],[35.34667870353037,0.19080906572155226],[35.341274275307875,0.19231175645954085],[35.34297764412413,0.1691022460636917],[35.33661448618561,0.15712515002077918],[35.33641831663804,0.14116160364533856],[35.332378358993324,0.1396276925645214],[35.32835628937581,0.1408271793996792],[35.327620514457045,0.1397258189653319],[35.32162303769952,0.1314809452832787],[35.31199134197804,0.09524635606540835],[35.30045118561703,0.07870754592071097],[35.29449830488515,0.06557105701344244],[35.3017488240364,0.05058850343692493],[35.32781226706172,0.053549313619581304],[35.3357628239596,0.0543831969748535],[35.34850694473541,0.058316091121466955],[35.37004881125352,0.04031029911521576],[35.40491459138842,0.02580035786957558],[35.43583392444342,0.023530670334209636],[35.46657502532611,0.02465437221642193],[35.48101355622244,0.04140721646750101],[35.48285517474315,0.08515095395759295],[35.47972485811978,0.09471126130783279],[35.480674647066145,0.09614706357424706],[35.46619601489888,0.11097356225030082],[35.46861725426285,0.11492434922075051],[35.46713241989805,0.11931655283369422],[35.46325741209904,0.11524986777295737]]]},"id":"00000000000000000081","properties":{"CONS_OBJ":"Not Applicable","DESIG":"Forest Reserve","DESIG_ENG":"Forest Reserve","DESIG_TYPE":"National","GIS_AREA":261.693277103,"GIS_M_AREA":0.0,"GOV_TYPE":"Federal or national ministry or agency","INT_CRIT":"Not Applicable","ISO3":"KEN","IUCN_CAT":"Not Reported","MANG_AUTH":"Kenya Forest Service","MANG_PLAN":"Not Reported","MARINE":"0","METADATAID":178,"NAME":"Northern Tinderet","NO_TAKE":"Not Applicable","NO_TK_AREA":0.0,"ORIG_NAME":"Northern Tinderet","OWN_TYPE":"State","PARENT_ISO":"KEN","PA_DEF":"1","REP_AREA":262.85,"REP_M_AREA":0.0,"STATUS":"Designated","STATUS_YR":1932,"SUB_LOC":"Not Reported","SUPP_INFO":"Not Applicable","VERIF":"State Verified","WDPAID":7693.0,"WDPA_PID":"7693"}},{"type":"Feature","geometry":{"type":"Polygon","coordinates":[[[35.588402125376135,0.02997852373234944],[35.617854466231044,6.59960944209762E-4],[35.63001885716298,9.988610122485832E-4],[35.62905572119513,-0.0025461270742717203],[35.62918502985615,-0.018870926664399337],[35.64545181820704,-0.035182322428531684],[35.65273358921586,-0.036279215673978536],[35.65826284678294,-0.024538428222852883],[35.66341313666896,-0.024725726830068254],[35.66367622954856,-0.028756741577558254],[35.66661030293044,-0.028667570721016455],[35.66673513167119,-0.04367241481548138],[35.67322312345965,-0.04187097622394343],[35.67024001322285,-0.04914817823696513],[35.66026496119506,-0.05529282564141494],[35.65823165716783,-0.05262186855997357],[35.656537142180866,-0.05416914899019558],[35.6528584395523,-0.056385325969582574],[35.65545364792277,-0.05656366825707438],[35.65634099344286,-0.05736186864882744],[35.65666198659985,-0.058672826761612465],[35.65588164324643,-0.059974925848250246],[35.654882872742604,-0.06133936747858163],[35.65327310474022,-0.06309181008165099],[35.65251950004395,-0.0646480296725179],[35.65181501169819,-0.06608832787229144],[35.651966551858436,-0.06690881363169554],[35.6529475944165,-0.06706042301840119],[35.65371453899878,-0.06678394619377026],[35.65448597977649,-0.06632017137744976],[35.65501213983247,-0.06573605627567992],[35.65578807158773,-0.06517869400800998],[35.65662637635452,-0.06537039788453643],[35.65733090585928,-0.06611510495100137],[35.65811565504373,-0.06661006091187825],[35.65874886948591,-0.06688650540594256],[35.659734332356166,-0.06689541248449722],[35.661116645249265,-0.06540605517571643],[35.66212442773148,-0.06532581184098632],[35.6634175563029,-0.0657449513910635],[35.66382783069545,-0.0663870820109403],[35.665169963662464,-0.06601251527734955],[35.665629260670606,-0.06537484451960905],[35.66617327572763,-0.06483530478446779],[35.666877804763466,-0.06439388747346037],[35.66770723822062,-0.06423781652888924],[35.66947305987689,-0.06548632396823097],[35.67019982298183,-0.06564686527098171],[35.67094900911979,-0.06518757552145797],[35.67180516562808,-0.06491112231369364],[35.67281731626296,-0.0648085368047177],[35.673784929990084,-0.06530798825460304],[35.67480614376549,-0.0636224315603695],[35.675506177956294,-0.06327016367199928],[35.67535901787005,-0.06231593888032595],[35.67500233071521,-0.061419637372389174],[35.67495322148983,-0.06020676695475098],[35.67503351380705,-0.0592792653833558],[35.67489085523152,-0.05806642962296135],[35.67360216403546,-0.05702295077501559],[35.672924375521596,-0.05616236199657173],[35.67233579796937,-0.054677497628471336],[35.67220647542053,-0.05374107110193806],[35.67252748845572,-0.05249700296005767],[35.673187437189036,-0.052028780533972675],[35.67392317147998,-0.05128854489135978],[35.67464555859492,-0.05091844415059],[35.674792719991494,-0.05004004131371452],[35.67526096658041,-0.049125925882771294],[35.67596099679754,-0.04870674495329611],[35.676701207899214,-0.047966525957847304],[35.67674581377888,-0.04545605371624438],[35.676808261968716,-0.0436189245136801],[35.67761091280663,-0.04169256999654001],[35.678404634614516,-0.03874514714243245],[35.6790912976825,-0.03690799493887203],[35.67972001109687,-0.03528039671759734],[35.680955246418925,-0.03415668491460218],[35.682279584941995,-0.03415669653382693],[35.68339431334861,-0.03500841385634685],[35.683666344408095,-0.03634610308518838],[35.683358631608755,-0.03991342985076965],[35.68397405602496,-0.041237769137288924],[35.68516012276527,-0.04139385608441375],[35.68621695537032,-0.03998918816484511],[35.68643545629296,-0.03832153480634665],[35.68673865555522,-0.03633272738941054],[35.687095373810926,-0.03462490808418737],[35.68771968945669,-0.03325150911313235],[35.689088598468025,-0.03215902358454204],[35.69079642989841,-0.03175325279958244],[35.6923124988519,-0.031057620024229904],[35.69315975773521,-0.029764519070670802],[35.693204354446806,-0.028440149649304067],[35.69348085350391,-0.0271915786249802],[35.69449748155692,-0.026273038032464602],[35.69583968421439,-0.025318764486857038],[35.6963658228464,-0.024596395416037333],[35.696298972090446,-0.023383530396951784],[35.69590653535415,-0.0221617231064588],[35.696084915927464,-0.021002363010936127],[35.6968340266376,-0.01930793143552187],[35.69615626804543,-0.01716756410616443],[35.69622320227581,-0.015263490312382083],[35.69369483327606,-0.017965712948796227],[35.69341841831646,-0.020427165167736617],[35.6919468843671,-0.023651044613411124],[35.68785790689705,-0.024480462775445157],[35.68754129023638,-0.020890869137726455],[35.687915844776036,-0.019950020504301023],[35.68875414700549,-0.019249926140415843],[35.689761915381645,-0.018193133842504813],[35.690569021246354,-0.01718981213098787],[35.69140287759828,-0.01457234582851094],[35.69195138578678,-0.013346100121915592],[35.69146531435829,-0.011843357401757005],[35.69350761142647,-0.011170041121894446],[35.69245079172026,-0.009390852522455298],[35.69142513476665,-0.007914927376763711],[35.69150541056967,-0.005707659658328821],[35.691665961934135,-0.004459078148313137],[35.69225014611217,-0.0028761084945915817],[35.71410413803214,-0.0027155780330258314],[35.713582449649095,5.217371257533994E-4],[35.70175245979858,7.357659795698204E-4],[35.70092754644256,-1.9173452066779226E-4],[35.69971912511572,-5.618688347880112E-4],[35.699763718170885,0.01512084006958836],[35.70123077414567,0.01706495913165418],[35.70262195610675,0.018063827993963045],[35.70422281477443,0.019495184319780215],[35.705275144976014,0.020329027075820665],[35.70707214221596,0.02104693263213206],[35.708102182389396,0.022415892939006445],[35.70747344191178,0.024244153008695424],[35.706300707692364,0.026331018985815018],[35.70704988940128,0.03073213630889323],[35.70856598366796,0.03362608322321146],[35.710068714660565,0.034299387339061196],[35.71160258624203,0.03654233853432168],[35.71311426059297,0.03837054575560309],[35.71566484932773,0.038950248065246294],[35.71773836145608,0.0394808821323951],[35.71961557601098,0.04184419542222281],[35.720422713872765,0.044622230817153545],[35.721234260018775,0.04789074430253837],[35.71875051449297,0.04728877355058807],[35.71563359873325,0.046802739219467156],[35.71287791491531,0.04641030491999788],[35.709551417019334,0.04604467616354826],[35.7060688424901,0.045326753792703935],[35.70258186546686,0.04476934683548252],[35.70034334227463,0.0429634255479618],[35.69870239671229,0.041875425413778346],[35.69678501415622,0.040974667366496756],[35.69514407895314,0.04007392668977853],[35.69288334092725,0.03849986919583124],[35.69090346512537,0.03910184083155205],[35.68899048062399,0.03789789454932851],[35.68725593402145,0.037434124625907436],[35.685730932484454,0.03752781811031085],[35.682324187715324,0.039106335528798226],[35.680571738571324,0.03899036562001828],[35.678618654684406,0.03964139343491479],[35.67700444401609,0.04007841023261523],[35.67447613505466,0.04003378826090262],[35.67216628616556,0.04219199186588862],[35.67112736191631,0.04392659558980432],[35.668830924670374,0.044091608688518066],[35.666855540773376,0.045389212636172724],[35.66530822001032,0.04611155305355619],[35.66393923817627,0.0452999857924165],[35.660933850412995,0.04453748729653159],[35.65959164655485,0.04418968163039938],[35.657990812886695,0.042869821372295946],[35.65646133475351,0.041549927010350964],[35.654410170411325,0.04087660285942505],[35.65270681767555,0.04148299179505577],[35.65109258571347,0.041924438342880135],[35.64897005688842,0.041416098764163564],[35.64680743679712,0.041300217298742885],[35.64509508144898,0.040051647016050865],[35.643904501710686,0.038544454375707166],[35.64265151299611,0.037594673299438656],[35.641184468750005,0.035534587545369534],[35.63936071889721,0.03446883045125736],[35.637697503681586,0.03398283589023148],[35.63541887881293,0.03407642565455803],[35.63355495633728,0.03447330271078482],[35.632761207877486,0.035026217611074426],[35.631722273982156,0.035003921084111045],[35.630919664579295,0.03431726250460131],[35.63000108784682,0.03326935701626265],[35.62874362762817,0.03196729170443406],[35.62750400104172,0.03146785386204743],[35.62585405585712,0.0305136189611049],[35.62413733275838,0.029670833005883135],[35.622692560528016,0.02850700851921106],[35.62175620210923,0.02761964767705605],[35.62022227946425,0.02703106580645674],[35.61816217992762,0.027089012939023997],[35.61599055380667,0.0269641870645036],[35.61411775351982,0.02722729422592723],[35.6122226305211,0.028248421437781942],[35.61050586690345,0.028466888514609556],[35.608267360436926,0.028712128588473766],[35.606073520331094,0.028952967663974056],[35.604588617994885,0.029282904977909665],[35.603723566732675,0.03034863925059696],[35.602443831279324,0.030812368473542993],[35.601074863200694,0.03137425017448711],[35.59922433255724,0.031708650756989164],[35.597962385489026,0.030540358557786074],[35.59668264198633,0.030388776709438074],[35.5952646684629,0.030928348958175183],[35.59361923707666,0.03149016200278624],[35.591862348331546,0.03262722062565106],[35.59039980314583,0.032310659368733397],[35.58982455982016,0.030683095764037764],[35.588402125376135,0.02997852373234944]]]},"id":"00000000000000000088","properties":{"CONS_OBJ":"Not Applicable","DESIG":"Forest Reserve","DESIG_ENG":"Forest Reserve","DESIG_TYPE":"National","GIS_AREA":77.7411263187,"GIS_M_AREA":0.0,"GOV_TYPE":"Federal or national ministry or agency","INT_CRIT":"Not Applicable","ISO3":"KEN","IUCN_CAT":"Not Reported","MANG_AUTH":"Kenya Forest Service","MANG_PLAN":"Not Reported","MARINE":"0","METADATAID":178,"NAME":"Maji Mazuri","NO_TAKE":"Not Applicable","NO_TK_AREA":0.0,"ORIG_NAME":"Maji Mazuri","OWN_TYPE":"State","PARENT_ISO":"KEN","PA_DEF":"1","REP_AREA":78.09,"REP_M_AREA":0.0,"STATUS":"Designated","STATUS_YR":1932,"SUB_LOC":"Not Reported","SUPP_INFO":"Not Applicable","VERIF":"State Verified","WDPAID":7637.0,"WDPA_PID":"7637"}},{"type":"Feature","geometry":{"type":"Polygon","coordinates":[[[35.43583392444342,0.023530670334209636],[35.438861653249404,0.016784081439454323],[35.41426972102114,0.0022250815320508876],[35.412281003862184,-0.0028047505058725357],[35.4053247555624,-0.02353070393493885],[35.37085149347086,-0.030843623611904333],[35.35821438335494,-0.045576467287402805],[35.3431470916413,-0.05221161067196542],[35.32724144587456,-0.0728170941405736],[35.32344681195934,-0.07782464279324357],[35.30852214470982,-0.08593129825306169],[35.32728607674827,-0.10119480630906881],[35.340703463878704,-0.10867713694938473],[35.37266630798134,-0.11027795944010346],[35.39136337733454,-0.09767210731565246],[35.40152561796344,-0.0878264058891453],[35.42460592077131,-0.07848459617870568],[35.443739967836336,-0.08061605266945515],[35.45577061369002,-0.07832854832583389],[35.45803582844171,-0.08965019469751935],[35.469121137175435,-0.09688731633509795],[35.48541473371019,-0.11312285324260622],[35.48689070995887,-0.09555405269785931],[35.488866074303125,-0.09444819235045915],[35.491545947763704,-0.09682931955347544],[35.495519047607615,-0.09826517830236774],[35.49202311441328,-0.10977856264100849],[35.48914695205322,-0.11499570861778353],[35.490930640991934,-0.11700675812786883],[35.49213007958234,-0.11684173940308445],[35.49280345551357,-0.11816166121511],[35.49388253339819,-0.11945031054463505],[35.500887792622414,-0.11376942031618689],[35.503121754419574,-0.11232916025710797],[35.50084768502653,-0.103642851382435],[35.498466511681585,-0.09877349288350236],[35.50077181477008,-0.09954939761463184],[35.50924411216995,-0.10207323943038275],[35.52124802620429,-0.09765873174561869],[35.53607005502484,-0.10241210076003024],[35.54466276266673,-0.10729485569081872],[35.55312170368603,-0.10156045467473411],[35.54605849250454,-0.0810932056396611],[35.56216472284796,-0.057870175953192604],[35.56748889371134,-0.056229267804348934],[35.58062094333384,-0.06558441887000047],[35.590114435560906,-0.06257009159852957],[35.59695463299659,-0.053272846678262986],[35.60580147665524,-0.05655476900422552],[35.6147375471851,-0.05974299965906641],[35.613778817485596,-0.06511622263010682],[35.613002980688734,-0.06757320736315627],[35.61055493210529,-0.0721259487056266],[35.616182295390985,-0.08522679113398167],[35.62040508352935,-0.08314437820894474],[35.6221842935487,-0.08234617787986928],[35.62473927876606,-0.08190918035913654],[35.62642036537701,-0.08044659868929706],[35.62783395264564,-0.07827947617692674],[35.628440375968964,-0.0764512650779318],[35.62881045129255,-0.07502437804320496],[35.63085275924489,-0.07304003595469744],[35.63251594928004,-0.07125198581569873],[35.63428179447808,-0.06965115922256808],[35.635882600393295,-0.0680280248001271],[35.636979538613765,-0.06636477936668148],[35.6380764618597,-0.06425562516504423],[35.64002961549386,-0.0632434085235869],[35.64054686168104,-0.062021619056128664],[35.64204060926645,-0.06151329846846353],[35.63714453684668,-0.055466738222893074],[35.64082779645024,-0.051649774191154754],[35.63353268310326,-0.036114254385635536],[35.61192832840259,-0.03306425528934338],[35.60573021107415,-0.02774005094118649],[35.58428191520162,-0.008249308282559792],[35.58166437647451,-0.008191351761294529],[35.58134333440292,-0.009698534260977859],[35.57947056352692,-0.009239229483053703],[35.577713617010694,-0.008775498208848338],[35.57542611500455,-0.009685184470397038],[35.573214434121,-0.010871304544720926],[35.562940631402114,-0.016993630325889776],[35.55939567133278,-0.013778617270134403],[35.564590529041816,-0.008922650946770458],[35.543802163340644,-0.009315090664140739],[35.538304133184795,-0.0027690915374512627],[35.52343748827244,0.01291357963442381],[35.516909358471715,0.012748590456556803],[35.51418930239319,0.00586373860508495],[35.51327958914775,-0.002889498386825518],[35.51029205883701,-0.018193124395114404],[35.50239047626793,-0.023249726396673488],[35.50054888281332,-0.02329437118150772],[35.48766658752113,-0.021314504114826206],[35.48877690523384,-0.03125381731370308],[35.49083696152689,-0.0324979123885769],[35.49065862761687,-0.034620481531393424],[35.48631548272284,-0.03747876931920014],[35.483283250003936,-0.03729143783140822],[35.47964462200887,-0.0319628324998739],[35.46932626711572,-0.032671808952788074],[35.46140247575051,-0.01977166454620087],[35.46664632991366,-0.014661530999160568],[35.46270893583933,-0.010973872931803673],[35.465549419370234,-0.006215968065197991],[35.474726247973585,-0.002563954889564613],[35.48270356769668,-1.3380117250194268E-4],[35.49551904760762,0.001404644565846617],[35.498640399778424,0.009520172189171235],[35.494703050848784,0.01218224006565848],[35.48074602287273,0.012646003673873236],[35.45854412411136,0.007411054194111133],[35.45716185343711,0.009078710866596843],[35.45869577618513,0.009038597009992636],[35.45911043531979,0.01153125206318971],[35.4720463214721,0.016931197399487584],[35.46921032780388,0.02086410787157708],[35.46657502532611,0.02465437221642193],[35.43583392444342,0.023530670334209636]]]},"id":"0000000000000000008a","properties":{"CONS_OBJ":"Not Applicable","DESIG":"Forest Reserve","DESIG_ENG":"Forest Reserve","DESIG_TYPE":"National","GIS_AREA":280.429995759,"GIS_M_AREA":0.0,"GOV_TYPE":"Federal or national ministry or agency","INT_CRIT":"Not Applicable","ISO3":"KEN","IUCN_CAT":"Not Reported","MANG_AUTH":"Kenya Forest Service","MANG_PLAN":"Not Reported","MARINE":"0","METADATAID":178,"NAME":"Tinderet","NO_TAKE":"Not Applicable","NO_TK_AREA":0.0,"ORIG_NAME":"Tinderet","OWN_TYPE":"State","PARENT_ISO":"KEN","PA_DEF":"1","REP_AREA":281.67,"REP_M_AREA":0.0,"STATUS":"Designated","STATUS_YR":1932,"SUB_LOC":"Not Reported","SUPP_INFO":"Not Applicable","VERIF":"State Verified","WDPAID":7727.0,"WDPA_PID":"7727"}},{"type":"Feature","geometry":{"type":"Polygon","coordinates":[[[35.58861171109076,-0.181110540197133],[35.58869642997254,-0.18280943480278264],[35.589267174168945,-0.18367452240362067],[35.591073113067544,-0.1833624006313117],[35.597543262132135,-0.1780025721308423],[35.60105258097484,-0.17690566366710644],[35.60319298178461,-0.1731198906586691],[35.60438349670486,-0.17093939850593715],[35.60428986508801,-0.17091708897441904],[35.60088316909356,-0.17038202390129326],[35.59559909212981,-0.1702972936115933],[35.594738451223876,-0.17394478914830844],[35.59498816489234,-0.176834297401088],[35.58940990131992,-0.17877845117313615],[35.58861171109076,-0.181110540197133]]]},"id":"0000000000000000008d","properties":{"CONS_OBJ":"Not Applicable","DESIG":"Forest Reserve","DESIG_ENG":"Forest Reserve","DESIG_TYPE":"National","GIS_AREA":1.05095049159,"GIS_M_AREA":0.0,"GOV_TYPE":"Federal or national ministry or agency","INT_CRIT":"Not Applicable","ISO3":"KEN","IUCN_CAT":"Not Reported","MANG_AUTH":"Kenya Forest Service","MANG_PLAN":"Not Reported","MARINE":"0","METADATAID":178,"NAME":"Londiani","NO_TAKE":"Not Applicable","NO_TK_AREA":0.0,"ORIG_NAME":"Londiani","OWN_TYPE":"State","PARENT_ISO":"KEN","PA_DEF":"1","REP_AREA":1.06,"REP_M_AREA":0.0,"STATUS":"Designated","STATUS_YR":1932,"SUB_LOC":"Not Reported","SUPP_INFO":"Not Applicable","VERIF":"State Verified","WDPAID":7631.0,"WDPA_PID":"7631"}},{"type":"Feature","geometry":{"type":"Polygon","coordinates":[[[35.708137853095394,-0.29840612429194896],[35.71715861348571,-0.29391146755127423],[35.725153797621374,-0.2866253604262587],[35.726045620124395,-0.2873566605349538],[35.73129844661558,-0.28757511301077243],[35.74461331172499,-0.27736393809399784],[35.7423525573324,-0.2695739401926741],[35.742785086309965,-0.2692306339752693],[35.74200924828214,-0.26677812817845675],[35.74052436338415,-0.26543150767314505],[35.73417455236935,-0.2640938069153725],[35.736734132636435,-0.25801165209497945],[35.736002808565416,-0.25620127938703463],[35.73140992680587,-0.2546093748225177],[35.725996625556185,-0.25507755962685646],[35.726611971819146,-0.2572803383328663],[35.71948632986574,-0.26062017338409094],[35.71178984906887,-0.26231016361481874],[35.71082669508743,-0.26600671066814763],[35.71473732648047,-0.2675539996061323],[35.725220707569044,-0.26583284031989673],[35.72542585328572,-0.2685840678121487],[35.721613323156376,-0.27755565025173007],[35.715762934447554,-0.2799546381904184],[35.71227146337554,-0.2840213022577062],[35.708137853095394,-0.29840612429194896]]]},"id":"00000000000000000095","properties":{"CONS_OBJ":"Not Applicable","DESIG":"Forest Reserve","DESIG_ENG":"Forest Reserve","DESIG_TYPE":"National","GIS_AREA":9.11298537133,"GIS_M_AREA":0.0,"GOV_TYPE":"Federal or national ministry or agency","INT_CRIT":"Not Applicable","ISO3":"KEN","IUCN_CAT":"Not Reported","MANG_AUTH":"Kenya Forest Service","MANG_PLAN":"Not Reported","MARINE":"0","METADATAID":178,"NAME":"Molo","NO_TAKE":"Not Applicable","NO_TK_AREA":0.0,"ORIG_NAME":"Molo","OWN_TYPE":"State","PARENT_ISO":"KEN","PA_DEF":"1","REP_AREA":9.15,"REP_M_AREA":0.0,"STATUS":"Designated","STATUS_YR":1932,"SUB_LOC":"Not Reported","SUPP_INFO":"Not Applicable","VERIF":"State Verified","WDPAID":7657.0,"WDPA_PID":"7657"}},{"type":"Feature","geometry":{"type":"Polygon","coordinates":[[[35.397579307283095,-0.6452851670509423],[35.481611052548985,-0.6210113190678086],[35.5547804859771,-0.5993769578436432],[35.576830746756194,-0.5929160739803205],[35.56764501756147,-0.5758163019684597],[35.56836293292147,-0.5747774084695261],[35.56842529833411,-0.5741130245757057],[35.56884891433377,-0.5730785541095402],[35.56945987255795,-0.5727085022334255],[35.57007074267399,-0.5720842697718733],[35.5708689493467,-0.5720798078550848],[35.57135942385597,-0.5707242706194037],[35.57164928245472,-0.5702159822540341],[35.57201043546259,-0.5696853404715575],[35.5721218866541,-0.5691591959851563],[35.57231364913066,-0.5678750402002813],[35.57292458114104,-0.5671794980621717],[35.572915648443384,-0.566653312259952],[35.572911223835774,-0.5659889610957317],[35.5745521522471,-0.5659756009670289],[35.575006958003534,-0.565471737162369],[35.575827405079124,-0.5655564253997437],[35.576438310499036,-0.5650927103418204],[35.57721867325507,-0.565177446718353],[35.577829568144914,-0.5649678567173609],[35.578757087744435,-0.5640225924056589],[35.57899783539664,-0.5631486433241771],[35.57979603728013,-0.5626625966768218],[35.57999220574587,-0.5619714730572626],[35.580736890290815,-0.5610975426468232],[35.58126311542271,-0.5610217697563139],[35.5822083754253,-0.5599873000702791],[35.58259193546985,-0.5593407676864841],[35.58296647863285,-0.5581011971961839],[35.58430420206321,-0.557267356686158],[35.58498198682301,-0.5565049233752406],[35.58525401730671,-0.5561570976390606],[35.585427885957024,-0.5554481342418147],[35.58576677432794,-0.5549398262795376],[35.58667199995318,-0.5541327488595652],[35.58842441109926,-0.5537537652864878],[35.58889708399369,-0.5529021143171324],[35.58967298602627,-0.5527549899887505],[35.5907698864242,-0.5532766818441338],[35.59164384044152,-0.5535664776132938],[35.59297265639339,-0.5542933155509358],[35.59328480519569,-0.5558271309762037],[35.594047311198224,-0.5565762150655432],[35.59512645852627,-0.557414534174733],[35.595799728972025,-0.558373145652412],[35.59650429083172,-0.5581413152846332],[35.59691448955144,-0.5583865655309661],[35.59775733078569,-0.5580387284041927],[35.59826116185987,-0.5583107579252583],[35.59869371797809,-0.558056574628234],[35.5997415907796,-0.5579763220845312],[35.60016078615763,-0.558756620508391],[35.600807309175096,-0.5594611550994497],[35.60147176953212,-0.5594566868373881],[35.60199343633904,-0.5595681431699667],[35.603268756004944,-0.5590999419841035],[35.60399111107309,-0.5581992564187995],[35.6049676487194,-0.5578024217120673],[35.60540909793128,-0.5584400404982943],[35.60604231045912,-0.5578648683056584],[35.60667994076385,-0.5576508467213837],[35.608936265332595,-0.557454632961382],[35.60989496925918,-0.5573520592810881],[35.61094286323499,-0.5570042807473452],[35.611375351254075,-0.5571603819121107],[35.611950607619605,-0.557410024978069],[35.61288257428623,-0.5571470004972957],[35.612949494568205,-0.5569641740860015],[35.61466620607331,-0.5573431883490182],[35.61570961568207,-0.5567367633952124],[35.616213501332325,-0.5568482118635752],[35.61771621161929,-0.556794723548089],[35.61916991735923,-0.5561169737935708],[35.6198075271218,-0.5559519781252676],[35.620284688201366,-0.555443675579461],[35.62160009959675,-0.5544939373866331],[35.62261680458965,-0.5537091646073683],[35.62357100716234,-0.5531295387475517],[35.62468580044654,-0.5528932027133835],[35.62564006190224,-0.5522421755123559],[35.62581392681968,-0.5514841667524245],[35.62609933477753,-0.5503828289440348],[35.62670577118257,-0.5493038081714025],[35.62786064904997,-0.5486037574858075],[35.62856075908915,-0.5474756514319604],[35.628997740792485,-0.5457990836637967],[35.62924301012372,-0.5452506318154723],[35.62930541186138,-0.5445372449635216],[35.629782600018686,-0.5442607938262428],[35.63060307338431,-0.5442786216991257],[35.63092408600218,-0.5440913057610849],[35.631312002346064,-0.544247381599104],[35.632351024965644,-0.5431861513091121],[35.633813558977,-0.5431995662432876],[35.634634074618354,-0.5434448130580524],[35.63556602874618,-0.5429810733631788],[35.63629726982621,-0.5427893480802142],[35.637773245410614,-0.5422765343454922],[35.63808989177774,-0.5416790848578454],[35.6393116712658,-0.5409567151405038],[35.64069400222306,-0.5397572655289686],[35.64153229778835,-0.5390616886482866],[35.64241520957853,-0.5385533817832829],[35.642981485825125,-0.5378131717146357],[35.66586557913011,-0.5416612238157248],[35.69911265709712,-0.5410949271595994],[35.69953625165374,-0.5400158910151382],[35.70077143123669,-0.5380584373013603],[35.70144473318827,-0.5365646949072234],[35.70186389788085,-0.535325125349573],[35.701623101411094,-0.5339295098280782],[35.70097213882395,-0.532899504299513],[35.689097518266074,-0.5205215626843962],[35.69368149602611,-0.5109081218578612],[35.69000716572128,-0.5028775925196513],[35.68591817252537,-0.49466423633287016],[35.68264966215413,-0.48831919073501995],[35.680339882175375,-0.4888586692326439],[35.680174889387075,-0.48994220565728636],[35.67860973371901,-0.4917302548046122],[35.67632218198309,-0.4931704884696953],[35.67512714638688,-0.49426736174823194],[35.67379385149271,-0.49603761085131826],[35.670547693031054,-0.4970096309125252],[35.66959788416016,-0.49557831516450435],[35.66567387271259,-0.4955158946472076],[35.66761801637462,-0.49091874718252926],[35.67072604672059,-0.4827588510282556],[35.66587900439925,-0.4809842308277263],[35.662249263455415,-0.48838160870456687],[35.65946230344964,-0.4894517345043516],[35.65853487975677,-0.49138246354809423],[35.657928433432836,-0.4938438081878929],[35.65713917904165,-0.49577449794133294],[35.65668875682071,-0.49867278732910836],[35.654922987261806,-0.5000684649525395],[35.65263993048596,-0.4999436229010076],[35.65090976803996,-0.4994754292462285],[35.651752544041976,-0.4958636637840839],[35.652283225666984,-0.4952215708652656],[35.65262650300103,-0.494601799249064],[35.65457071271153,-0.4941246973735176],[35.65634099344286,-0.4885153739474213],[35.64893886366161,-0.47901779811074785],[35.64662902992399,-0.47987837741733685],[35.64619206069075,-0.48038670530203],[35.64493009954587,-0.4813007773998983],[35.64351214201596,-0.48239771661080166],[35.64153229778835,-0.48510429484105166],[35.64006973743465,-0.48567501052211515],[35.638723097353314,-0.48532273999293146],[35.6373630046631,-0.48432843628840117],[35.63565520280931,-0.48358377015574566],[35.634562751153176,-0.4832760796130568],[35.63378235986395,-0.48364172119011706],[35.63183823081574,-0.48469402656588934],[35.63020614384793,-0.4861120044690501],[35.62990740260797,-0.48659353256257365],[35.62908692214269,-0.4868432321387622],[35.627365763014055,-0.48828795504934236],[35.62575602750792,-0.4899377437670329],[35.624427168446275,-0.49089644963026186],[35.62156889574446,-0.4917124281734019],[35.61978975554939,-0.4915429757952043],[35.61885327990857,-0.49225192579349386],[35.61826021753117,-0.4922519339234829],[35.61645430399147,-0.4928182416840029],[35.61542867657679,-0.4924882438199971],[35.61460379297863,-0.49269335208640114],[35.61411775351982,-0.493727830730706],[35.61327049419964,-0.4942539903882268],[35.61297177350259,-0.4949897495847022],[35.61245893924036,-0.49630064518075434],[35.61138427969151,-0.4971701393205307],[35.60791955439826,-0.4926176053935818],[35.610265046448674,-0.4861075311895012],[35.61170536900734,-0.4855412611110135],[35.61396614198423,-0.4817065673717539],[35.61146905807603,-0.47955289823230496],[35.62310729799655,-0.45081938439752267],[35.62286651524862,-0.442253725648086],[35.62180968237656,-0.4430786151627584],[35.620690427246245,-0.4436493410090372],[35.61997698262203,-0.44438066212730537],[35.61387694386976,-0.4457317049297624],[35.612606131185224,-0.44835357763390365],[35.61454580215878,-0.45165764775324996],[35.614724196806414,-0.45229974304585063],[35.613832386495865,-0.45238892308139345],[35.61166081043141,-0.45311575442573704],[35.60972106994278,-0.45713772151622417],[35.608673160065415,-0.4604462965666552],[35.60762974270091,-0.45915317040400716],[35.606055662277484,-0.4589837237737958],[35.60409367228301,-0.46279617665472084],[35.59994221730869,-0.4663454508725055],[35.5972891331093,-0.45972394070666645],[35.60612258823371,-0.4560809728513235],[35.60693412361354,-0.45028430765268],[35.61064413390072,-0.4481127705802212],[35.61027848101138,-0.4442424305618602],[35.60758067571658,-0.4416517640790181],[35.59769039787986,-0.44022044659882764],[35.59749869572105,-0.4415313537265425],[35.598172029807074,-0.44298942413532305],[35.59842615604575,-0.4459368300941857],[35.587247182298626,-0.4492230769766025],[35.580438132458504,-0.45427951449265547],[35.56921901297364,-0.44646299654070304],[35.56938406656867,-0.4457272285844586],[35.57009745822211,-0.4442825610062602],[35.56937513347934,-0.44314998297579505],[35.56642766097678,-0.443939192173162],[35.562383227065126,-0.4414555306159552],[35.560541661373506,-0.4365907995812543],[35.563698665071946,-0.4247433362647435],[35.56059960754211,-0.4206767146906167],[35.558762426586746,-0.4220277740498757],[35.55777697968124,-0.4230132196770917],[35.55742469744945,-0.42436875797883694],[35.55634563046935,-0.4253765226162031],[35.55433007546537,-0.42674984883275685],[35.55258661075221,-0.42805190920654806],[35.55057555488313,-0.4285512927103818],[35.5484797715223,-0.42828817991431367],[35.54718220747224,-0.4274053361260471],[35.544702932096286,-0.42637979464578984],[35.54287466001939,-0.4265803923108054],[35.54120694789749,-0.42691487256914734],[35.54081458917783,-0.42751233018713725],[35.540283924741594,-0.4285691475282723],[35.53491068873508,-0.42292402932032025],[35.539566010564734,-0.419263242456287],[35.53975334034333,-0.4185498256419455],[35.5431778994891,-0.4151119278441615],[35.5444620822449,-0.41394368866166015],[35.554285485189226,-0.3945069373251494],[35.54202748760229,-0.39180034037139067],[35.53598093783912,-0.38094714305819677],[35.54322692212233,-0.3778793472559359],[35.54681651746117,-0.36808735797899045],[35.54281227489253,-0.3400669040877101],[35.54019472867798,-0.3336503553157866],[35.53728294102696,-0.33447081876046175],[35.536837026711396,-0.33789087754553193],[35.53741231334772,-0.3392419804014543],[35.536734463565764,-0.3403700783320519],[35.53746576602157,-0.3419040279604559],[35.537332050750855,-0.34293849237162694],[35.5383620952878,-0.3444902117386543],[35.53797857581769,-0.34550241547619936],[35.529550878229315,-0.3440309535933895],[35.53118291419303,-0.3354606974508466],[35.52541730916442,-0.33282986482836596],[35.5230093741495,-0.33488105773388455],[35.5214040722345,-0.33798899963058054],[35.5203606966531,-0.33943817098772205],[35.51938413840435,-0.3410746005220353],[35.5127266883718,-0.3450520439288278],[35.49740972195152,-0.35239607459673455],[35.454446234371495,-0.3689345822823754],[35.404874436514724,-0.3638958695244027],[35.40731355833727,-0.36740065182918374],[35.40863786635086,-0.3701875446724342],[35.40797349822586,-0.37127551571311074],[35.40432146843593,-0.3721539546258156],[35.40117332733024,-0.3735406987165236],[35.39773090535014,-0.37346938259699813],[35.391202814781366,-0.37395986685362786],[35.38771135897728,-0.3746554378502708],[35.38075511320412,-0.37576572372322836],[35.378449762066346,-0.3733712411923687],[35.377357272928315,-0.3728629128755701],[35.3745257711937,-0.37332670421418973],[35.37188155313998,-0.37464206430629027],[35.3688002904392,-0.3764434936417847],[35.366655465056105,-0.37746014655597143],[35.36430552503868,-0.37789718451371673],[35.36380166475965,-0.3774601614020668],[35.363485034698165,-0.37420958154958966],[35.36376148972043,-0.37148956777688036],[35.36663763800527,-0.3687873943306874],[35.37021828657079,-0.36638399975107483],[35.3732549737918,-0.3649303504823175],[35.37548891956052,-0.36407424849259173],[35.37526154425735,-0.362482389721348],[35.37733944820497,-0.3611446905310402],[35.36673129275014,-0.36027516197449816],[35.36771227583413,-0.3618892928179641],[35.368278547391164,-0.3650953530902009],[35.367779147302066,-0.3653495165724369],[35.36590630710504,-0.3666871884238686],[35.36433230822268,-0.36860456632055627],[35.36278054307302,-0.36975946160579165],[35.36090767242165,-0.37042830000121957],[35.3582188196498,-0.3715519989433923],[35.35726902856004,-0.3725597526080505],[35.355784178459345,-0.37448601202072046],[35.35470511528405,-0.3751994564721979],[35.35355463465973,-0.37601990606886504],[35.352127728327254,-0.3766129593270475],[35.349898168918564,-0.37762070363787414],[35.3487566619619,-0.3775448780635219],[35.3466296462662,-0.37779014878508077],[35.34538554090275,-0.3763587986436091],[35.34121625666812,-0.3725953931535331],[35.284746231538925,-0.49155633312906816],[35.284786361408685,-0.49224747779625194],[35.2853794266655,-0.4923188389542814],[35.28609287542052,-0.4918372817126699],[35.2868509707946,-0.49181498246403593],[35.288197580319654,-0.4917525413883392],[35.28874605308855,-0.49196212483368124],[35.29005702813236,-0.49097666469099893],[35.28990983873361,-0.4900091145055121],[35.289941086135045,-0.4891128719914686],[35.29220628176771,-0.48875166757130456],[35.29303125324049,-0.48893893081072076],[35.29416833991168,-0.49156529693406037],[35.29647371113291,-0.4922429988053308],[35.29728523739165,-0.493232906645366],[35.29877901788278,-0.49496300670537474],[35.300210368080194,-0.4959127540683272],[35.302279449403834,-0.49681788455889436],[35.30977518316139,-0.5026546556051277],[35.31149637346894,-0.5060345076761136],[35.30511989128866,-0.5401006105405386],[35.32367416332486,-0.5642009671083031],[35.32365632694211,-0.5666845404547378],[35.32434750487993,-0.5690076010770185],[35.32523931178696,-0.5707064340196358],[35.32731730997193,-0.5719014503970041],[35.3294398016248,-0.5729537092089775],[35.33097377600397,-0.5743537805461939],[35.33257453818288,-0.5759634835018871],[35.3334440677083,-0.5776177307008866],[35.33461232915134,-0.5792719540376186],[35.335134118763975,-0.5792452227289903],[35.336275647582056,-0.5791292369173562],[35.3370024701603,-0.5785094846089068],[35.33690878149169,-0.5774036729205002],[35.3369534071175,-0.5766456467021047],[35.33770701557351,-0.5762755796420782],[35.338117181297754,-0.5758341599640165],[35.33795668191035,-0.5754908344869081],[35.337154096546,-0.5742289647023661],[35.33744838991971,-0.5737429604110307],[35.33858544923694,-0.5723161242708817],[35.33844722130648,-0.5717854807112447],[35.33879057202437,-0.5710497758444548],[35.33942377028055,-0.5701490919832527],[35.33971805552567,-0.569021002544368],[35.340221896209435,-0.5689541187158726],[35.34156855392475,-0.5701713587101522],[35.34184056187097,-0.5697076496905448],[35.34131437763378,-0.5681693409207813],[35.34128767065899,-0.5665819748915671],[35.34185395712974,-0.5651997190734008],[35.34262979004769,-0.5644372746192832],[35.34266997543142,-0.5632868812538887],[35.34330758088933,-0.5623906169549899],[35.3445383229106,-0.5622925638637611],[35.34576904648997,-0.5620606708515163],[35.34663860382344,-0.5616906063242613],[35.346700971835155,-0.5609771576074997],[35.34590282514055,-0.5605446288936922],[35.345376666925596,-0.5597599151536654],[35.34498872249646,-0.558774452823191],[35.345394498595695,-0.5580610460738449],[35.34608114052499,-0.5578737551392553],[35.346420106120156,-0.557575006326832],[35.34717362773728,-0.5574368109710278],[35.34758391362509,-0.5568125411114343],[35.34794505727047,-0.5559831818025939],[35.34839987499803,-0.555546253797841],[35.34876553557381,-0.5547614922050053],[35.348716479556344,-0.5543467678854466],[35.34896619614558,-0.5535664989682925],[35.34926053091556,-0.5533123495092211],[35.349331854199285,-0.5528753874875049],[35.34934968501054,-0.5519791316273659],[35.34930506611876,-0.55128797090972],[35.34864071892571,-0.5504363193884947],[35.348319677245584,-0.549816557516218],[35.34893497114932,-0.5491477510204271],[35.34991156286315,-0.5481578295891231],[35.35023259831882,-0.5478591087761503],[35.35025042893445,-0.5474444354841754],[35.34997844884128,-0.547283930041995],[35.349728735330764,-0.5467978706599971],[35.350205810532195,-0.5462940308113067],[35.35102634995464,-0.5460621489289591],[35.35205188713454,-0.5460354401043276],[35.352096504533435,-0.5454379175218653],[35.35195829934098,-0.5446085905372089],[35.35222583625627,-0.5434135904382418],[35.352818917954686,-0.5424905675610195],[35.353273708681606,-0.541108311996268],[35.35310871863185,-0.5399847074693388],[35.35331380514791,-0.5394317978702926],[35.353153335456305,-0.5387183314084252],[35.35324248532371,-0.5377061858601314],[35.3537865066885,-0.5377507798542631],[35.35394705885024,-0.5371488192751652],[35.353942538616415,-0.5363016475672949],[35.35481209309068,-0.5357933279416927],[35.354968123068815,-0.5344333488173851],[35.35437062039745,-0.5333988731962849],[35.35482548623349,-0.533282929640325],[35.35565041591004,-0.5332606656950678],[35.356078488782686,-0.5323599578256176],[35.35669380823551,-0.5314637161633158],[35.357697092989,-0.5317580226238198],[35.35844624221775,-0.5307904347759704],[35.358629050332105,-0.5296399992510754],[35.35892335045172,-0.5286724146158889],[35.35948968269444,-0.5281686084367164],[35.35992225544237,-0.5274997439461329],[35.36039935509275,-0.5270360176878297],[35.361063774509454,-0.5271742626873221],[35.361041426400355,-0.5277048632649182],[35.360653556001516,-0.5285564898955006],[35.361157435619546,-0.5288062167846592],[35.36220527769176,-0.5279099807039543],[35.36256644070062,-0.5268710354435432],[35.36274932333265,-0.5256983299725984],[35.3632264065403,-0.5249403153152337],[35.363725834356636,-0.5239727304425643],[35.363792709075526,-0.5233752701018684],[35.36351625415849,-0.5227733209256769],[35.36353851789506,-0.5220598612505961],[35.36419847591279,-0.521738814732917],[35.36522409955793,-0.5219439201030279],[35.36588847989134,-0.5221936456216045],[35.366410238148305,-0.5219172014671813],[35.36698095451872,-0.5217120449613],[35.367574013251875,-0.5217789843249361],[35.3683722002617,-0.521729887695475],[35.3685060257597,-0.5212260782330004],[35.36859515894393,-0.5206240796939539],[35.368938550953466,-0.5203699297963797],[35.36957620341913,-0.5198660866987674],[35.370075592561534,-0.5192641370895615],[35.37060175979782,-0.5192641134415344],[35.37119479233855,-0.5194692286309766],[35.37148913105662,-0.5193087056788251],[35.37201528921942,-0.5191928072713967],[35.37579663257489,-0.5276513509858307],[35.37770062822721,-0.5316509841599221],[35.38108958414758,-0.5375367187172121],[35.38310508366556,-0.5415140839135762],[35.3849645609839,-0.5457410970403183],[35.38590541263829,-0.549214627034606],[35.387836199831895,-0.5548952217662988],[35.38953508755147,-0.5603217182024762],[35.39091741594811,-0.5644818414758865],[35.392206095481185,-0.5701624899003171],[35.39272333538359,-0.5769042854654879],[35.392330929480636,-0.5849793172750481],[35.392701079576746,-0.585670455047152],[35.39913108260483,-0.5949493120503191],[35.40208303886905,-0.5994527680637587],[35.40517760532346,-0.6050174078068724],[35.40805823850499,-0.6079112392555069],[35.3951803057726,-0.6205654225619283],[35.390480404900146,-0.6264555272250557],[35.397579307283095,-0.6452851670509423]]]},"id":"0000000000000000009d","properties":{"CONS_OBJ":"Not Applicable","DESIG":"Forest Reserve","DESIG_ENG":"Forest Reserve","DESIG_TYPE":"National","GIS_AREA":837.582631941,"GIS_M_AREA":0.0,"GOV_TYPE":"Federal or national ministry or agency","INT_CRIT":"Not Applicable","ISO3":"KEN","IUCN_CAT":"Not Reported","MANG_AUTH":"Kenya Forest Service","MANG_PLAN":"Not Reported","MARINE":"0","METADATAID":178,"NAME":"South West Mau","NO_TAKE":"Not Applicable","NO_TK_AREA":0.0,"ORIG_NAME":"South West Mau","OWN_TYPE":"State","PARENT_ISO":"KEN","PA_DEF":"1","REP_AREA":841.29,"REP_M_AREA":0.0,"STATUS":"Designated","STATUS_YR":1932,"SUB_LOC":"Not Reported","SUPP_INFO":"Not Applicable","VERIF":"State Verified","WDPAID":33499.0,"WDPA_PID":"33499"}},{"type":"Feature","geometry":{"type":"Polygon","coordinates":[[[36.11671190191887,-0.6618630324978263],[36.19684642299204,-0.6985231799685153],[36.2309986883834,-0.6863373665027693],[36.25084616457827,-0.6811339602932823],[36.25898401314956,-0.6768891882923189],[36.26910614522922,-0.6731482164692696],[36.26083008991172,-0.6567398670940137],[36.250596454636174,-0.6446742967089077],[36.244416102630936,-0.6353464506206387],[36.2245463506496,-0.6238426873022532],[36.19827780123635,-0.6210068653514492],[36.16122710428204,-0.632702383644617],[36.11671190191887,-0.6618630324978263]]]},"id":"0000000000000000009f","properties":{"CONS_OBJ":"Not Applicable","DESIG":"Forest Reserve","DESIG_ENG":"Forest Reserve","DESIG_TYPE":"National","GIS_AREA":86.9775976678,"GIS_M_AREA":0.0,"GOV_TYPE":"Federal or national ministry or agency","INT_CRIT":"Not Applicable","ISO3":"KEN","IUCN_CAT":"Not Reported","MANG_AUTH":"Kenya Forest Service","MANG_PLAN":"Not Reported","MARINE":"0","METADATAID":178,"NAME":"Eburu","NO_TAKE":"Not Applicable","NO_TK_AREA":0.0,"ORIG_NAME":"Eburu","OWN_TYPE":"State","PARENT_ISO":"KEN","PA_DEF":"1","REP_AREA":87.15,"REP_M_AREA":0.0,"STATUS":"Designated","STATUS_YR":1932,"SUB_LOC":"Not Reported","SUPP_INFO":"Not Applicable","VERIF":"State Verified","WDPAID":7555.0,"WDPA_PID":"7555"}},{"type":"Feature","geometry":{"type":"Polygon","coordinates":[[[35.814487413342256,-0.04826974301617613],[35.814830825774685,-0.09017635572532054],[35.83323350852185,-0.09001134953868511],[35.834031672245956,-0.10172540638179108],[35.84571005412586,-0.08500824735459382],[35.83811622739239,-0.08421010874579289],[35.836314782150545,-0.08222578043669654],[35.83647529133677,-0.07931397985755351],[35.839186424551635,-0.07489952507587028],[35.8433155592275,-0.07262983722556018],[35.845571860959645,-0.06530352032664317],[35.843774828631915,-0.05777654704705579],[35.845344394981666,-0.05513676485821444],[35.84210713547546,-0.04913485085417518],[35.83551655822877,-0.04988395699945674],[35.83230153069087,-0.04471141008604689],[35.814487413342256,-0.04826974301617613]]]},"id":"00000000000000000057","properties":{"CONS_OBJ":"Not Applicable","DESIG":"Forest Reserve","DESIG_ENG":"Forest Reserve","DESIG_TYPE":"National","GIS_AREA":15.2767866509,"GIS_M_AREA":0.0,"GOV_TYPE":"Federal or national ministry or agency","INT_CRIT":"Not Applicable","ISO3":"KEN","IUCN_CAT":"Not Reported","MANG_AUTH":"Kenya Forest Service","MANG_PLAN":"Not Reported","MARINE":"0","METADATAID":178,"NAME":"Kilombe Hill","NO_TAKE":"Not Applicable","NO_TK_AREA":0.0,"ORIG_NAME":"Kilombe Hill","OWN_TYPE":"State","PARENT_ISO":"KEN","PA_DEF":"1","REP_AREA":15.543,"REP_M_AREA":0.0,"STATUS":"Designated","STATUS_YR":1936,"SUB_LOC":"Not Reported","SUPP_INFO":"Not Applicable","VERIF":"State Verified","WDPAID":7604.0,"WDPA_PID":"7604"}},{"type":"Feature","geometry":{"type":"Polygon","coordinates":[[[35.397579307283095,-0.6452851670509423],[35.42655461179054,-0.7213297292761892],[35.46647245695284,-0.7526835212739371],[35.48003259630261,-0.7637366644798244],[35.483381367678554,-0.7650520136773844],[35.48531210552165,-0.7661800414651625],[35.48795189866941,-0.7672991477301969],[35.49509538211106,-0.7691851855813088],[35.49714658777662,-0.7693189751180606],[35.49907741627282,-0.7701036815114745],[35.500535513561076,-0.771673162559466],[35.50062918183831,-0.7716954613612333],[35.502056084771596,-0.7720521554348629],[35.50379955113691,-0.7729528264631605],[35.50616736680978,-0.7739782925148686],[35.509351138197694,-0.7748299060460572],[35.51399305783325,-0.7752936150863511],[35.51781451983259,-0.7755388671826686],[35.52280872359094,-0.777036947767851],[35.524900076122556,-0.7777904660060354],[35.529653450473845,-0.7780000163053884],[35.53314934896967,-0.778200670930874],[35.53413041860957,-0.7780936949699595],[35.54184909922004,-0.7834485501083406],[35.54492590964828,-0.7850179915984861],[35.54539407699557,-0.785793811361065],[35.54571960453182,-0.7863912835933888],[35.54628146632048,-0.7874167948722808],[35.54688340904368,-0.7881703272721542],[35.547093019012685,-0.7883976868335212],[35.54765487126239,-0.7878136082369928],[35.5488855378587,-0.7875906765276218],[35.55054883288062,-0.7869664550778064],[35.552363654318015,-0.7861549927494437],[35.55249300252643,-0.7854862051558056],[35.5522254544219,-0.7842689567473798],[35.553411544213326,-0.7839256630027408],[35.55398228735975,-0.7837338940822599],[35.553897615551286,-0.7826549190398915],[35.55391540164859,-0.7820529657876614],[35.55595768721463,-0.7810096668824195],[35.55642587420337,-0.7799217482740526],[35.55723740859351,-0.7792172610999109],[35.558236305310004,-0.7786732929316081],[35.559721142506255,-0.7786509824848394],[35.56085376863234,-0.7779643781427571],[35.56166976728131,-0.7773535161654611],[35.56158952875357,-0.7761808765203262],[35.561848195438806,-0.775208908866477],[35.56257501266412,-0.7748299366335475],[35.56331518224614,-0.7734566090391906],[35.56362736228498,-0.7731088322563534],[35.56435416350578,-0.772707559113963],[35.56464404724625,-0.7718247791086581],[35.56525044526691,-0.7712183878935576],[35.56641872756046,-0.7714546527756893],[35.56767624229528,-0.7714814365121332],[35.56797938874925,-0.7702775972199961],[35.56842529833411,-0.7690514560612607],[35.5685456876558,-0.76787437191298],[35.568487747186346,-0.7668354870964751],[35.56857248719604,-0.7662603195433343],[35.56947765523015,-0.7654175995148326],[35.57045870165635,-0.7652659811641862],[35.57065931754555,-0.7651233007921734],[35.57130148540528,-0.7650475281596136],[35.57226013600822,-0.765101020678826],[35.57237609497597,-0.765123324137858],[35.5731698542661,-0.7646506771827325],[35.573709402428975,-0.7639729838353679],[35.57436481961558,-0.7635271140841905],[35.575484050495305,-0.763464710939469],[35.5764472428069,-0.7638882648620855],[35.57717851998544,-0.7639462429858785],[35.57707150015467,-0.7627290302368375],[35.57696898804644,-0.7616232215437142],[35.577160739009344,-0.7605353337779369],[35.5775218673613,-0.7600225454882984],[35.57877044408237,-0.7594964371798951],[35.58039355659322,-0.7594295572477856],[35.58128089549491,-0.7591397613035377],[35.581633157150755,-0.7580518021302761],[35.58207907479477,-0.7572626122913],[35.58217273221215,-0.755599543918262],[35.58195428154296,-0.7544982064151752],[35.58262757849782,-0.7535440744116377],[35.5833008698338,-0.7525854241729353],[35.58402774437827,-0.7520459394433169],[35.58434877576793,-0.7523892780387704],[35.584513798426606,-0.7527994813917076],[35.58493290604891,-0.7533032631904585],[35.587189255253534,-0.7528083913540324],[35.58836197767209,-0.7533433917240904],[35.589378684993854,-0.7546230887054651],[35.5908591101269,-0.7558670289953447],[35.59289687249113,-0.7564377906515812],[35.593686173363366,-0.7557109683576542],[35.59431038077258,-0.7545026844185039],[35.59624122841769,-0.7495668584019975],[35.59842173283728,-0.7459018192501645],[35.60029456435495,-0.7456343101729126],[35.60160103906527,-0.744376938800706],[35.60222977507639,-0.7427895953532562],[35.603143912097295,-0.7425444080505986],[35.60355858339484,-0.7415322584737731],[35.603955477489535,-0.7402927470334338],[35.604691178444,-0.7394455492816914],[35.604838384588625,-0.7384557097529866],[35.6053065383963,-0.7368461451940284],[35.605221836973186,-0.7357626378783769],[35.60604231045912,-0.7354683747597086],[35.60691184300843,-0.7352989728922315],[35.6079284832189,-0.7335333129047908],[35.60854390188216,-0.7329848893064026],[35.60880692412568,-0.7316472589596164],[35.60884263900874,-0.7298994089142965],[35.608303075559306,-0.728998790332201],[35.608303075559306,-0.7289942928718781],[35.60664430836985,-0.7292618018640021],[35.60663537940682,-0.729261824060337],[35.605846121922745,-0.7279197548285504],[35.60615822085854,-0.7262521982197381],[35.6080355455426,-0.7249948120753825],[35.60950703308044,-0.7237151676682977],[35.610599491293286,-0.7234476192340666],[35.611856984801,-0.7229705674583873],[35.612548138926144,-0.7221679943570745],[35.61255706723351,-0.7221679729234854],[35.61373426005737,-0.7222705213245317],[35.613738682424945,-0.7222660443137299],[35.61587465756225,-0.722096612487817],[35.618545652290805,-0.7216329054017352],[35.61855457993284,-0.7216329431672293],[35.62050762382949,-0.721784505724297],[35.62513173011956,-0.7220921839823293],[35.62513173011956,-0.7220876883889025],[35.62531902818782,-0.7211692067232699],[35.62705808452306,-0.720696595850521],[35.62864994092405,-0.7209373516075462],[35.63036673453323,-0.7200723585463564],[35.631084591830415,-0.7183958690740133],[35.62993860322502,-0.7165008884641433],[35.630594147079584,-0.7136027331399005],[35.631789178592875,-0.7124568015236578],[35.63248032832626,-0.7114936972211449],[35.632627483639745,-0.7104592584907082],[35.63300204441824,-0.7089878647034222],[35.634304067504495,-0.7084394902827058],[35.635690905774105,-0.7090280451075931],[35.63742097903165,-0.7094293210321669],[35.63911548044073,-0.7081050423319819],[35.63982892207549,-0.7071865618179795],[35.640845563372615,-0.7054431949972092],[35.64176418297717,-0.7043418536104041],[35.64198263823151,-0.7027322759013037],[35.64285219936254,-0.702232879743282],[35.637349658039966,-0.694220459913128],[35.62799004305908,-0.6843219419564999],[35.61049693836861,-0.6729832786463044],[35.59932247667655,-0.6555582945446649],[35.59561695250124,-0.634485878894423],[35.59053802118601,-0.6056639616886971],[35.58939646327729,-0.6066047894772524],[35.58771093103292,-0.6069882575804879],[35.58536545021022,-0.6079513470817892],[35.58349711325069,-0.6091864411083824],[35.58133440263696,-0.61081836281783],[35.5796042925785,-0.6143542254674538],[35.578213065526036,-0.6178009229832563],[35.575002533510535,-0.6211049556323445],[35.574476351038584,-0.6225986532772355],[35.571444160852344,-0.6249618467703629],[35.56727491170886,-0.6281498868992449],[35.56550016671386,-0.6282613697695356],[35.564657405918894,-0.6266918634055735],[35.5547804859771,-0.5993769578436432],[35.481611052548985,-0.6210113190678086],[35.397579307283095,-0.6452851670509423]]]},"id":"00000000000000000098","properties":{"CONS_OBJ":"Not Applicable","DESIG":"Forest Reserve","DESIG_ENG":"Forest Reserve","DESIG_TYPE":"National","GIS_AREA":343.049522215,"GIS_M_AREA":0.0,"GOV_TYPE":"Federal or national ministry or agency","INT_CRIT":"Not Applicable","ISO3":"KEN","IUCN_CAT":"Not Reported","MANG_AUTH":"Kenya Forest Service","MANG_PLAN":"Not Reported","MARINE":"0","METADATAID":178,"NAME":"Transmara","NO_TAKE":"Not Applicable","NO_TK_AREA":0.0,"ORIG_NAME":"Transmara","OWN_TYPE":"State","PARENT_ISO":"KEN","PA_DEF":"1","REP_AREA":344.57,"REP_M_AREA":0.0,"STATUS":"Designated","STATUS_YR":1941,"SUB_LOC":"Not Reported","SUPP_INFO":"Not Applicable","VERIF":"State Verified","WDPAID":7730.0,"WDPA_PID":"7730"}},{"type":"Feature","geometry":{"type":"Polygon","coordinates":[[[35.69537147460387,-0.3372264888043415],[35.727637510608396,-0.39020848583141415],[35.725492679680734,-0.3908728537839326],[35.72341028626423,-0.3929864388197771],[35.721234260018775,-0.3946407064842382],[35.71961115947949,-0.3957866586265543],[35.71865243304166,-0.3965447183338597],[35.718099524731116,-0.39728043331982954],[35.717069446757854,-0.3979894258297278],[35.716703778799165,-0.3991175073729668],[35.71492016516972,-0.3997105983368131],[35.71229379807482,-0.4010438105964714],[35.71018905859711,-0.4024171857000657],[35.70940873662326,-0.40308601571212205],[35.707330757806304,-0.404160650490634],[35.70638988643725,-0.4056811416190332],[35.70574337995559,-0.4072908323982301],[35.7057433799556,-0.40758960174126757],[35.705310816943516,-0.40807119871989433],[35.705101202233564,-0.4090387922613594],[35.704298577010704,-0.4099305705984841],[35.70331757968519,-0.41038987811910826],[35.70333541610762,-0.41087589801707125],[35.702443590111876,-0.41160713719826314],[35.70180146923609,-0.4121378010224362],[35.70077593215986,-0.41301174458992523],[35.7038125806047,-0.43140055927295495],[35.72370017974692,-0.43268030347667824],[35.7213412545006,-0.47437604091388264],[35.74855069336028,-0.488876504531457],[35.747797152910906,-0.4960777333947868],[35.74542486176177,-0.502355859744999],[35.74357882752812,-0.5117107306746463],[35.7436546357323,-0.5167760366012899],[35.74389097359406,-0.5176678102198718],[35.74626764214797,-0.5181538575224189],[35.74577273779407,-0.5212974144470094],[35.743048168080456,-0.5271876295814437],[35.74274051727299,-0.528471810062753],[35.74134478570267,-0.5303133397248374],[35.74990181702731,-0.5325204534943188],[35.77366435202005,-0.5381610095649322],[35.778257212963155,-0.5160001820242901],[35.78341642272521,-0.5037961055800134],[35.78722899347636,-0.49568084751658253],[35.795942016649235,-0.4731498528605965],[35.79539805305417,-0.4708846820849075],[35.79521523249699,-0.46874437587777673],[35.796811568100985,-0.4612043295096116],[35.79835883831116,-0.4580428706751906],[35.80024064654593,-0.45704853980252647],[35.81300254945229,-0.45870727312202486],[35.816855230984096,-0.46663979115425774],[35.815022506861396,-0.4769845502295409],[35.82916684264213,-0.4734530428120063],[35.83128932377351,-0.46776343524062486],[35.8373136116328,-0.4677054429296056],[35.83981512327399,-0.4742199590373966],[35.83248434899253,-0.4956362990073027],[35.83933802493861,-0.49898938509845797],[35.840212009652916,-0.49826260583528703],[35.85169414410848,-0.5035152091066205],[35.8543027654748,-0.504964350729783],[35.853281605737244,-0.5065517324013245],[35.86690865499802,-0.5140560961841285],[35.890497284818316,-0.5262601397334855],[35.90484219911989,-0.5463297137039425],[35.9129978749166,-0.5494420379259269],[35.91535235171729,-0.5492591761340482],[35.91754175910187,-0.5495579330245719],[35.933554359153035,-0.5507172838276346],[35.93387539732614,-0.5519122543555853],[35.93410285743864,-0.5528486229619886],[35.93483409942854,-0.5552563877938312],[35.93743822636015,-0.5565360807583722],[35.93935561506522,-0.5566297493924285],[35.94189286510014,-0.5557780787059582],[35.94499640389178,-0.5550468364461407],[35.9457499796861,-0.5559609309230202],[35.94751136947033,-0.5574724917927767],[35.94746674941292,-0.5584801786320127],[35.94730621670622,-0.5599471735373343],[35.94753363794387,-0.5612535972953105],[35.9479215903,-0.5632244466235551],[35.94803750201574,-0.5645086194306107],[35.94871975740031,-0.5658373346739614],[35.94913445875738,-0.5672106907876111],[35.95219342639308,-0.5686776476316521],[35.973913685670034,-0.550222329790701],[35.9709439475956,-0.5450901355532328],[35.96872778451671,-0.5419064465112664],[35.96719830555789,-0.53881643635447],[35.965713406481264,-0.535971647377487],[35.96418395181108,-0.5319185347338222],[35.96187854015402,-0.5222248598477882],[35.96884366550544,-0.5233484942795976],[35.97016801936726,-0.531115914366112],[35.97542085614091,-0.5349639651259138],[35.97873395435466,-0.5365869784012807],[35.982341424106785,-0.5414204754198396],[35.983781657972884,-0.5445818162983326],[35.98576601617273,-0.5486616948404549],[35.98784840456055,-0.5524161186242169],[35.99351145017947,-0.5608924477762792],[35.996891460039016,-0.5657035991464485],[36.00130593846725,-0.5723740539877208],[36.00225576236081,-0.5736894590371706],[36.00234934085451,-0.5732925698880871],[36.002509926935055,-0.572811036572528],[36.002808679272924,-0.5723249930640123],[36.00324119557475,-0.5719549117389484],[36.00362912138869,-0.5717721164975089],[36.003972457378104,-0.5717944175218639],[36.00428905583152,-0.5719103307390485],[36.004610136667786,-0.5722581172917962],[36.00476623445181,-0.5726772558970853],[36.004833074099174,-0.5733015316068628],[36.00494010044662,-0.57415762065893],[36.0050070229758,-0.5744831236706931],[36.005256694983174,-0.5748977926619527],[36.00577397099892,-0.5759188462913127],[36.005773970998916,-0.5764718022619576],[36.00586314472073,-0.5769845503019423],[36.00606382673769,-0.5774928544679119],[36.006086078580424,-0.5777692978806881],[36.00606382673769,-0.5781393869355341],[36.005898847392764,-0.5786254175062262],[36.00580519011607,-0.5791114024721616],[36.00587202887553,-0.5795261076408926],[36.00571153272721,-0.5798516287350589],[36.00552870122471,-0.5803376461339315],[36.01418383431944,-0.5900980741437953],[36.02148341635947,-0.5781840117588587],[36.039707684254445,-0.5779119953571062],[36.03883815629238,-0.589875120433859],[36.038793588262294,-0.5935313974623692],[36.03800430664053,-0.5939193218859313],[36.037148205087185,-0.5922026817127077],[36.019133451913724,-0.6009598758560999],[36.030209825706315,-0.617292612291659],[36.03554735712527,-0.6451157525098938],[36.02505064814641,-0.65321741150874],[36.013033408667596,-0.6656529867489891],[36.01542788890025,-0.6691397824981757],[36.022772014938624,-0.673946391000467],[36.0273248155187,-0.6783338154176928],[36.02864021143895,-0.6802912291143064],[36.03008498815926,-0.6806746598838501],[36.05976472147116,-0.6614617346710303],[36.09873727930217,-0.641459481698964],[36.086465813881986,-0.6161957674379799],[36.06398307835858,-0.5937320814871678],[36.06274792875064,-0.5899197026961274],[36.05357549845,-0.5590286402531447],[36.00970690043668,-0.5125044027458948],[36.00966231578013,-0.512548973251724],[36.00902467768655,-0.512758555424617],[36.00808822033612,-0.5129636517320647],[36.00772256801673,-0.5127540962582977],[36.00736139749413,-0.5120808114309371],[36.00695563910348,-0.5112023903752881],[36.00666130312362,-0.5108991916625121],[36.006300127699475,-0.51055138611987],[36.005961285514914,-0.510181326132246],[36.005595623250244,-0.5098781227049262],[36.00518985569783,-0.5095526002714218],[36.00466360849697,-0.5095080366307277],[36.004186512281834,-0.5094812292765256],[36.003638088829106,-0.5093876146182754],[36.0032991520793,-0.5089729208032996],[36.002799711737424,-0.5089239097633507],[36.002295867443245,-0.5089461719217938],[36.00165825232084,-0.5088748294606015],[36.00125246434276,-0.5084557056626581],[36.00102951670632,-0.5076441472257543],[36.00008864577207,-0.5067612965687068],[35.999259198583694,-0.5056822598224914],[35.998684002643465,-0.5052988012880547],[35.99826931422201,-0.5051650008914786],[35.99776544075168,-0.5045675387059779],[35.997092082032964,-0.5034884602297056],[35.99667738517529,-0.5030068887399508],[35.99587472378099,-0.5028329770362324],[35.995308471358506,-0.503345785918637],[35.994902650450214,-0.5041572893907584],[35.994929389686746,-0.5045273655216252],[35.995116730168455,-0.5050089559160394],[35.994260573865795,-0.5067256237493941],[35.99427394359488,-0.5070154435913035],[35.99427842785132,-0.5074836800042893],[35.99426945933817,-0.5077422955933729],[35.99479569341275,-0.507853738347703],[35.995393172817344,-0.5078938812433647],[35.995736544949175,-0.508143558030995],[35.995785538673466,-0.5086964543756256],[35.995335210456396,-0.5094188391360833],[35.99447457229864,-0.5101679459377849],[35.99365411723177,-0.5102437476437162],[35.99217370554758,-0.5112960494403641],[35.977668226475124,-0.4873025364332519],[35.978372816174584,-0.47689980719797287],[35.96298444172886,-0.45717784334668693],[35.95355785901712,-0.4233878185260052],[35.95410189727233,-0.4125435327562408],[35.95803924928516,-0.4083342467179203],[35.93514624020448,-0.4048740738120052],[35.93236826007893,-0.4041338902355203],[35.92547004793847,-0.41249896809190356],[35.922678593418944,-0.4130696859020188],[35.92159057672888,-0.41426023596157235],[35.92075672518341,-0.413493282209681],[35.92115362033736,-0.41255248096857444],[35.91611036787064,-0.389686769107815],[35.917140440190906,-0.3874884631805611],[35.91773792915887,-0.3853035546320476],[35.91767550390987,-0.38311864136175655],[35.91682831108152,-0.38121912184550927],[35.91691741970449,-0.379520239328803],[35.91700220580061,-0.3783698336985364],[35.91755954742381,-0.377451240512484],[35.91840232691045,-0.3755472375358097],[35.913336786256416,-0.3757300804840702],[35.91252520878715,-0.3767600923563442],[35.911486264364235,-0.3776474240030654],[35.910184197762845,-0.37584156934701923],[35.9052524762615,-0.36894347540311884],[35.90336177506253,-0.3673203813516149],[35.90013786775885,-0.3617912063888756],[35.90277764546727,-0.3599273478320408],[35.89624509226994,-0.35100929907012884],[35.899696385800354,-0.3527349499775232],[35.90153803928256,-0.35096916095309066],[35.90971151474431,-0.3567213314680642],[35.91567778667661,-0.34708982392682725],[35.899580485983726,-0.3191540303304085],[35.902108792641,-0.31439180474797696],[35.89886255182972,-0.3152211672822998],[35.893096975061184,-0.3097276606662721],[35.89247269136137,-0.31219797586506803],[35.8916164966889,-0.3139592812910001],[35.88906141084745,-0.3149670413792084],[35.88820085513453,-0.31589448062426273],[35.88737147310486,-0.31836478489263315],[35.885908849037634,-0.31881514639044317],[35.88287665956862,-0.3174774548262173],[35.881521146788124,-0.3170003174166465],[35.879831130699046,-0.3171519652730474],[35.877284977707816,-0.31684873910426625],[35.875586055189416,-0.3164920278156343],[35.873017642076036,-0.31600151121261977],[35.87126514828052,-0.3168888886666843],[35.870614159828975,-0.3183915457212166],[35.86998545642153,-0.32019300915280474],[35.86893755083884,-0.32094211279797313],[35.867791567537026,-0.3205319070661261],[35.86649842793434,-0.3193190526834685],[35.86479053961159,-0.31792783179111306],[35.863256627633035,-0.31789216369127565],[35.861811856780854,-0.3176959554679013],[35.86045631513062,-0.3168754946393698],[35.85889120790395,-0.3160327385050967],[35.85747314325691,-0.31597478549655883],[35.85575640832849,-0.3163314714482077],[35.85426707710024,-0.31590339268141915],[35.852728718148015,-0.31531484535564136],[35.85149797616327,-0.3160862100828524],[35.84997295761803,-0.317062742532926],[35.84887154167168,-0.3168398333918466],[35.84757401591004,-0.315238991772184],[35.84770330354285,-0.31387456670367253],[35.8476364134426,-0.3112704889318642],[35.84654835981553,-0.31003535052855474],[35.8448539348415,-0.30991045569407183],[35.842936493559144,-0.31082008878346246],[35.84143826782501,-0.3096785784257034],[35.841085984717594,-0.3084835659903935],[35.84059100516575,-0.3068961722636544],[35.83996672245697,-0.305772468658495],[35.83858443002893,-0.30502339073235657],[35.83733591124752,-0.30371684087320067],[35.832680564069356,-0.2968097962570319],[35.830183487077754,-0.2966893955036818],[35.82941649051572,-0.2981475262973508],[35.82869417384668,-0.299489689082649],[35.826776757299044,-0.30035474680961416],[35.825091146639835,-0.3011751896921065],[35.8240968234254,-0.3031416328158855],[35.823441285637635,-0.30415832011090416],[35.82185830222409,-0.30642795224844266],[35.820284275541724,-0.30692735232181584],[35.81846944132809,-0.3064547242906927],[35.8176622986499,-0.3057011235376709],[35.811874400534805,-0.3092193086595496],[35.805301702685455,-0.3091301612392705],[35.80045908492223,-0.3021116320972867],[35.798996518648124,-0.2968633319852059],[35.799241766145165,-0.2962390378753663],[35.80696492645913,-0.2995075317352506],[35.80795039153242,-0.2970327507110709],[35.808159985448135,-0.29461148198704207],[35.80682225400852,-0.2931222014137355],[35.8052615804462,-0.2927431486412479],[35.803923800146045,-0.2919227172757551],[35.80352698175393,-0.2905849746034265],[35.80359832097343,-0.2883509953784919],[35.80317919173527,-0.2872451738546019],[35.80189049073425,-0.2865629575611666],[35.80013359154297,-0.28712923149930075],[35.799665411513516,-0.28916257110805926],[35.79904555155859,-0.2913341361724018],[35.7970345114011,-0.29192269645937446],[35.793538608498395,-0.29035759181815796],[35.793074802045595,-0.28964413459175437],[35.79175937859814,-0.2883420698318267],[35.79031022296935,-0.2874279928031537],[35.788325937527986,-0.28822615100648047],[35.78634609862808,-0.2898314119006336],[35.78430825927605,-0.29261383045749856],[35.78263606794307,-0.2927610312759658],[35.781155687559725,-0.29360375355725393],[35.78066066698932,-0.2945044643835963],[35.78306862790486,-0.29540968996045014],[35.75031206428493,-0.3450253034275837],[35.74442162743169,-0.35485300666049907],[35.70905203451871,-0.3257311162994553],[35.70373231715139,-0.3284020527072537],[35.701926326476865,-0.32636877367303974],[35.69537147460387,-0.3372264888043415]]]},"id":"00000000000000000099","properties":{"CONS_OBJ":"Not Applicable","DESIG":"Forest Reserve","DESIG_ENG":"Forest Reserve","DESIG_TYPE":"National","GIS_AREA":657.758836034,"GIS_M_AREA":0.0,"GOV_TYPE":"Federal or national ministry or agency","INT_CRIT":"Not Applicable","ISO3":"KEN","IUCN_CAT":"Not Reported","MANG_AUTH":"Kenya Forest Service","MANG_PLAN":"Not Reported","MARINE":"0","METADATAID":178,"NAME":"Eastern Mau","NO_TAKE":"Not Applicable","NO_TK_AREA":0.0,"ORIG_NAME":"Eastern Mau","OWN_TYPE":"State","PARENT_ISO":"KEN","PA_DEF":"1","REP_AREA":649.71,"REP_M_AREA":0.0,"STATUS":"Designated","STATUS_YR":1941,"SUB_LOC":"Not Reported","SUPP_INFO":"Not Applicable","VERIF":"State Verified","WDPAID":33443.0,"WDPA_PID":"33443"}},{"type":"Feature","geometry":{"type":"Polygon","coordinates":[[[35.92601403133963,-0.6949650472962441],[35.92638413737647,-0.6962045886318464],[35.92650448587649,-0.6973059170196998],[35.926945983769414,-0.6984518500917999],[35.92645104385121,-0.7004761388137191],[35.92632171898661,-0.70187618972542],[35.92640192369952,-0.7034411879830408],[35.92641089997319,-0.7053004673732554],[35.926620429181305,-0.7065177472274735],[35.92793144932509,-0.70786428753754],[35.928011735508555,-0.7095853507910019],[35.92731159733618,-0.7117032968806235],[35.92648221144424,-0.714235842683761],[35.92652684341596,-0.7145345758868775],[35.929768619369504,-0.7133440948279001],[35.930566804643284,-0.7130855043999862],[35.93134262565117,-0.7121847939036954],[35.93174844306063,-0.7111949643348336],[35.93421878954092,-0.7073872056567546],[35.93167264852842,-0.7058400071338787],[35.93240391312164,-0.7015640775691278],[35.9313738744141,-0.6965836223266951],[35.92739188415237,-0.6916923209420434],[35.926687335455064,-0.6932618176573812],[35.92601403133963,-0.6949650472962441]]]},"id":"000000000000000000a0","properties":{"CONS_OBJ":"Not Applicable","DESIG":"Forest Reserve","DESIG_ENG":"Forest Reserve","DESIG_TYPE":"National","GIS_AREA":1.27823091815,"GIS_M_AREA":0.0,"GOV_TYPE":"Federal or national ministry or agency","INT_CRIT":"Not Applicable","ISO3":"KEN","IUCN_CAT":"Not Reported","MANG_AUTH":"Kenya Forest Service","MANG_PLAN":"Not Reported","MARINE":"0","METADATAID":178,"NAME":"Southern Mau","NO_TAKE":"Not Applicable","NO_TK_AREA":0.0,"ORIG_NAME":"Southern Mau","OWN_TYPE":"State","PARENT_ISO":"KEN","PA_DEF":"1","REP_AREA":1.28,"REP_M_AREA":0.0,"STATUS":"Designated","STATUS_YR":1941,"SUB_LOC":"Not Reported","SUPP_INFO":"Not Applicable","VERIF":"State Verified","WDPAID":33498.0,"WDPA_PID":"33498"}},{"type":"Feature","geometry":{"type":"Polygon","coordinates":[[[35.69617410606498,0.17612975817148233],[35.69721753993219,0.1678403406706718],[35.728087866954525,0.16806330677068276],[35.728837010984286,0.1417278998060908],[35.73087035457201,0.14595510978493964],[35.738236833426825,0.13622986392089456],[35.74564786580102,0.14002902396855818],[35.7450057590945,0.1489783872095365],[35.74616959451719,0.15109201321424132],[35.74943359112962,0.16106250599510827],[35.72882367959821,0.1843433959343227],[35.72670554403103,0.18293428310056123],[35.725746902774475,0.18332673432255225],[35.72499772974213,0.1843835088869905],[35.72386066645943,0.18456631699565257],[35.72379375537188,0.1834605031866253],[35.72265225857856,0.18400894366135148],[35.72135467046524,0.18371020993021886],[35.720877527381184,0.18425864901944364],[35.719419415112625,0.18372803615316882],[35.715437428055566,0.18777239610216045],[35.713297102996556,0.18599325776851966],[35.711134385585225,0.18334455101722794],[35.705101202233564,0.17950976028127472],[35.69617410606498,0.17612975817148233]]]},"id":"00000000000000000082","properties":{"CONS_OBJ":"Not Applicable","DESIG":"Forest Reserve","DESIG_ENG":"Forest Reserve","DESIG_TYPE":"National","GIS_AREA":13.3202090369,"GIS_M_AREA":0.0,"GOV_TYPE":"Federal or national ministry or agency","INT_CRIT":"Not Applicable","ISO3":"KEN","IUCN_CAT":"Not Reported","MANG_AUTH":"Kenya Forest Service","MANG_PLAN":"Not Reported","MARINE":"0","METADATAID":178,"NAME":"Chemorogok","NO_TAKE":"Not Applicable","NO_TK_AREA":0.0,"ORIG_NAME":"Chemorogok","OWN_TYPE":"State","PARENT_ISO":"KEN","PA_DEF":"1","REP_AREA":13.47,"REP_M_AREA":0.0,"STATUS":"Designated","STATUS_YR":1949,"SUB_LOC":"Not Reported","SUPP_INFO":"Not Applicable","VERIF":"State Verified","WDPAID":7547.0,"WDPA_PID":"7547"}},{"type":"Feature","geometry":{"type":"Polygon","coordinates":[[[35.60218521125735,0.1917677458023981],[35.60251518322058,0.19071540159531228],[35.603977758912485,0.18801767568461958],[35.60428986508801,0.18655061780025997],[35.60663537940682,0.18603336061649217],[35.60736221044724,0.1842943433055634],[35.608454697759925,0.1841516573371644],[35.60823615141515,0.18522628813609973],[35.60938662144932,0.18570337942224],[35.612133430474636,0.1858326928858012],[35.61218691713737,0.1850746466124782],[35.614153382606446,0.18413824864319536],[35.61735059085556,0.18418284223504766],[35.61772513935334,0.18331332142366888],[35.61726590210303,0.1819265754421372],[35.617470990573935,0.17986201140415223],[35.61829142266673,0.17977727336393315],[35.6191476401406,0.17861790701653088],[35.6197808280444,0.17872049596272097],[35.621435152892836,0.18069584969926733],[35.624498500903606,0.18271584357493562],[35.62829321299094,0.18228772068126958],[35.62955068025404,0.18334007720321505],[35.62927871593677,0.18499443259323406],[35.62820853575848,0.185484925187992],[35.62748614774312,0.18676017910154802],[35.626179592547544,0.18782144162300143],[35.62668791770675,0.19077338751296666],[35.626201867818786,0.19168748318946124],[35.628199609187895,0.19327939489950519],[35.6302641233791,0.18988154646428784],[35.631227328293065,0.1909294199442242],[35.632850385052734,0.1898414269701444],[35.6371980068788,0.18886040261335482],[35.63760382741355,0.186902906151352],[35.641019478813796,0.18322414602627146],[35.640537936480754,0.18179726271866814],[35.64090353522818,0.17959000116551382],[35.64313312606895,0.17963907173683194],[35.643338231971846,0.18056207884906483],[35.64529576170941,0.18118634637372746],[35.64677615932347,0.1825017973520958],[35.65062886854045,0.18692967010369135],[35.65094988454503,0.18932415513187884],[35.65215387078051,0.1907332531982223],[35.65402219880983,0.1936583975032087],[35.65509245211956,0.18944903844933586],[35.65693402500167,0.18901649678210794],[35.657549402152476,0.18832533939171575],[35.65804877236251,0.18913244423278516],[35.66109879942137,0.18844572487177141],[35.66214669303515,0.18716149032172652],[35.66554011989928,0.18651941803077024],[35.665446476119776,0.18534668196245957],[35.66599049241696,0.18355410196771973],[35.66681092938888,0.1831171398893106],[35.665125434727656,0.1810168912630225],[35.66544197321045,0.17756560396144896],[35.67058329709521,0.16972203801318866],[35.67206372843188,0.16885255421729226],[35.69617410606498,0.17612975817148233],[35.695246607130805,0.1900108808319534],[35.6329931183799,0.20556858390299038],[35.63155726461692,0.206228524979004],[35.6250826738051,0.2067814440914198],[35.614657277999896,0.19653896774675866],[35.602622169287756,0.19312776766820344],[35.602292197762736,0.19238754405255915],[35.60218521125735,0.1917677458023981]]]},"id":"0000000000000000007f","properties":{"CONS_OBJ":"Not Applicable","DESIG":"Forest Reserve","DESIG_ENG":"Forest Reserve","DESIG_TYPE":"National","GIS_AREA":19.4935734825,"GIS_M_AREA":0.0,"GOV_TYPE":"Federal or national ministry or agency","INT_CRIT":"Not Applicable","ISO3":"KEN","IUCN_CAT":"Not Reported","MANG_AUTH":"Kenya Forest Service","MANG_PLAN":"Not Reported","MARINE":"0","METADATAID":178,"NAME":"Metkei","NO_TAKE":"Not Applicable","NO_TK_AREA":0.0,"ORIG_NAME":"Metkei","OWN_TYPE":"State","PARENT_ISO":"KEN","PA_DEF":"1","REP_AREA":19.58,"REP_M_AREA":0.0,"STATUS":"Designated","STATUS_YR":1954,"SUB_LOC":"Not Reported","SUPP_INFO":"Not Applicable","VERIF":"State Verified","WDPAID":7654.0,"WDPA_PID":"7654"}},{"type":"Feature","geometry":{"type":"Polygon","coordinates":[[[35.62513173011956,-0.7220876883889025],[35.62514065703071,-0.7220921625231771],[35.7501069825696,-0.7217755963672529],[35.7501158955552,-0.7217755746068073],[35.806933711680024,-0.7224488489024667],[35.80685346883148,-0.7218781380518184],[35.80477994550954,-0.7196175738294037],[35.804507994453786,-0.7185429752361419],[35.80428948397716,-0.717646794911987],[35.80450799445378,-0.7157830242905391],[35.80509659625331,-0.7145836597946469],[35.805047567080436,-0.7138479172978158],[35.805636164878145,-0.7127867756839431],[35.80588580360999,-0.7119128102437363],[35.80588139186196,-0.7112261772744987],[35.80644767517522,-0.7103032320657657],[35.80674201104727,-0.7093802763143929],[35.80778541292977,-0.7082923280645947],[35.809408547738144,-0.7074317704330155],[35.81123232897972,-0.7064553385071218],[35.81261909381817,-0.7052068622941813],[35.812877699764094,-0.7051399761004079],[35.813448510933775,-0.7046450361242108],[35.81426893034939,-0.704052049509089],[35.81471929596695,-0.7025672704316177],[35.814572142965716,-0.70073469513885],[35.81413068232375,-0.6990492921178589],[35.81375613799706,-0.6976403593193083],[35.813172011781326,-0.6956249848803282],[35.812110785434925,-0.6937968436069378],[35.81185658840464,-0.6928115107075886],[35.811687123265216,-0.6910725740499997],[35.81192342548924,-0.6882055904576254],[35.811981439700084,-0.686279398668284],[35.811981439700084,-0.6842328000640495],[35.81180756340889,-0.6814995822378972],[35.812208835021295,-0.6796134631721172],[35.812957936519595,-0.6781822080196802],[35.81356886517043,-0.6766394777041261],[35.81354214754445,-0.6759973869937639],[35.81138389961968,-0.6726265396653355],[35.811210022018685,-0.6699022584917744],[35.81121443347043,-0.6682212850097284],[35.8118297869676,-0.6662683170214334],[35.796668877400414,-0.661760473841998],[35.79369912103235,-0.6287072460600357],[35.79463105305967,-0.6231203229213359],[35.795705750090896,-0.6024446884419551],[35.795094850424896,-0.6034791098718886],[35.794457138756016,-0.6038090909905297],[35.793061481411,-0.6036708278767066],[35.79256653499835,-0.6052270082369432],[35.79065357350399,-0.607273594858064],[35.78917309268449,-0.6085711256489441],[35.7875143252762,-0.6104081536150663],[35.78482548825071,-0.612249703812],[35.78256470989452,-0.6134981469291743],[35.780879159207274,-0.6144434368397951],[35.77907774621291,-0.6158836121184517],[35.778542660237775,-0.6183315456280846],[35.778087842654806,-0.6192010274092477],[35.777191522981695,-0.6237891855176791],[35.77657173750043,-0.6284263599246874],[35.77594295382364,-0.6317437318878333],[35.77476131669939,-0.6325017485524739],[35.773459247175396,-0.6334202250285529],[35.771131607396455,-0.6338260088916473],[35.75833399362745,-0.6165257148440787],[35.750949713443745,-0.6163741077068157],[35.741969094105926,-0.6160396894418381],[35.73444216157205,-0.6159549562653944],[35.72771783336955,-0.6162938595468412],[35.72123875978959,-0.6161333228278248],[35.7151699218097,-0.6160218746995645],[35.71048333376167,-0.6172658629499536],[35.706822443610676,-0.6191564215264714],[35.704726644798946,-0.6255370396806743],[35.70323731573499,-0.6284129449111759],[35.700503875903934,-0.6324794218297064],[35.696722581547164,-0.6349318006544705],[35.694644606472025,-0.6375000747756884],[35.69189786889196,-0.6409779242289015],[35.69079642989841,-0.6434837899289639],[35.68973965775075,-0.6464846010543585],[35.688254718005275,-0.6491732571882752],[35.68800504401853,-0.6511975766216176],[35.685400968782034,-0.6538505738693327],[35.68393837454343,-0.6565882407793601],[35.682957377677766,-0.6589335790588435],[35.68229292409176,-0.6613279677434506],[35.68046468953125,-0.6638471970871621],[35.67994745056487,-0.6653498109924708],[35.67997421301113,-0.6670664358469472],[35.67928747413896,-0.6696257724321569],[35.67799885366017,-0.6710258864014601],[35.67697326169134,-0.6729921926812545],[35.67544823109907,-0.6749986625296681],[35.67328999348471,-0.6768579722825587],[35.67073046595143,-0.6775579736168547],[35.66834929904386,-0.678708371241163],[35.66760467478164,-0.6803224463633775],[35.66630702748475,-0.6821460826838891],[35.663475511857605,-0.6830779908142068],[35.66091600454445,-0.6839206642457181],[35.65963626195543,-0.6840232247329602],[35.658441227797866,-0.6849774308414054],[35.65739328577772,-0.6852939586716681],[35.65580583519978,-0.6867832149981844],[35.654820407474226,-0.687220167569951],[35.65372346273451,-0.6877730465459297],[35.65306802421614,-0.6893425647300905],[35.65248830819641,-0.6900203082719584],[35.65138240758624,-0.691558545954199],[35.65164103623575,-0.6927624171523681],[35.651186246248955,-0.6946173034612942],[35.65071802588119,-0.6959772191120943],[35.6505218629203,-0.6972702467978473],[35.64991093566183,-0.6988174517783012],[35.64806486455327,-0.699174160870818],[35.64793558627459,-0.700422631775921],[35.64687874939147,-0.7015150019014352],[35.64666914856816,-0.7020054847600097],[35.6465220189726,-0.7028749235565184],[35.646357040001156,-0.7024647272116681],[35.646031501632976,-0.7021302947665216],[35.64568369207958,-0.7018895569022795],[35.645233372388724,-0.7017201085685772],[35.644863205876845,-0.7016621300482486],[35.64425682306845,-0.7016799843713767],[35.64361915697824,-0.7018315673463925],[35.64292801964229,-0.7021080361699261],[35.64285219936254,-0.702232879743282],[35.64198263823151,-0.7027322759013037],[35.64176418297717,-0.7043418536104041],[35.640845563372615,-0.7054431949972092],[35.63982892207549,-0.7071865618179795],[35.63911548044073,-0.7081050423319819],[35.63742097903165,-0.7094293210321669],[35.635690905774105,-0.7090280451075931],[35.634304067504495,-0.7084394902827058],[35.63300204441824,-0.7089878647034222],[35.632627483639745,-0.7104592584907082],[35.63248032832626,-0.7114936972211449],[35.631789178592875,-0.7124568015236578],[35.630594147079584,-0.7136027331399005],[35.62993860322502,-0.7165008884641433],[35.631084591830415,-0.7183958690740133],[35.63036673453323,-0.7200723585463564],[35.62864994092405,-0.7209373516075462],[35.62705808452306,-0.720696595850521],[35.62531902818782,-0.7211692067232699],[35.62513173011956,-0.7220876883889025]]]},"id":"0000000000000000009e","properties":{"CONS_OBJ":"Not Applicable","DESIG":"Forest Reserve","DESIG_ENG":"Forest Reserve","DESIG_TYPE":"National","GIS_AREA":170.043278056,"GIS_M_AREA":0.0,"GOV_TYPE":"Federal or national ministry or agency","INT_CRIT":"Not Applicable","ISO3":"KEN","IUCN_CAT":"Not Reported","MANG_AUTH":"Kenya Forest Service","MANG_PLAN":"Not Reported","MARINE":"0","METADATAID":178,"NAME":"Ol Pusimoru","NO_TAKE":"Not Applicable","NO_TK_AREA":0.0,"ORIG_NAME":"Ol Pusimoru","OWN_TYPE":"State","PARENT_ISO":"KEN","PA_DEF":"1","REP_AREA":172.58,"REP_M_AREA":0.0,"STATUS":"Designated","STATUS_YR":1957,"SUB_LOC":"Not Reported","SUPP_INFO":"Not Applicable","VERIF":"State Verified","WDPAID":7705.0,"WDPA_PID":"7705"}},{"type":"Feature","geometry":{"type":"Polygon","coordinates":[[[35.96046058404826,-0.5719950707809094],[35.97260717093861,-0.5887381364137678],[35.97349894913567,-0.5957207327252321],[35.97155481642414,-0.598008078916095],[35.97554569789538,-0.6020924249997517],[35.98956956796708,-0.6111661915258612],[35.993779012970954,-0.6114336982847393],[35.99756033641586,-0.6152905889502742],[35.999714071201,-0.6205921870736617],[36.0013638964056,-0.6243420430382319],[36.00190345119816,-0.6261478661251375],[36.00309406224998,-0.6289480498195494],[36.003780737418914,-0.6320112443674887],[36.00591661569324,-0.6307360315644049],[36.00471267966207,-0.6288633388329687],[36.00368707760581,-0.624301930856384],[36.00288000435663,-0.6159951098759254],[36.001881198165485,-0.6109254008042404],[36.000654946639806,-0.6067741962401833],[35.999772030318624,-0.6082411518860045],[35.992249524697954,-0.6036663941791718],[35.98714830169753,-0.5972054943043618],[35.985832872048256,-0.5961621258165071],[35.98679600557654,-0.5950340526815725],[35.98293002873693,-0.5906108639777415],[35.98025448730811,-0.5855901672287275],[35.980588955747635,-0.5800433580719195],[35.98284523074131,-0.5793655936840055],[35.982403797969056,-0.576418293296248],[35.979920100497814,-0.5744429934966316],[35.97744529473579,-0.5740104909176164],[35.97565276428491,-0.5727887191997506],[35.97276773495634,-0.5720396605463697],[35.97095283571302,-0.5712325735664026],[35.96889716176075,-0.5687891396076371],[35.96861630601324,-0.5669520916385924],[35.965396818208795,-0.5664259470927215],[35.963550761642374,-0.5688114111857844],[35.96046058404826,-0.5719950707809094]]]},"id":"00000000000000000043","properties":{"CONS_OBJ":"Not Applicable","DESIG":"Forest Reserve","DESIG_ENG":"Forest Reserve","DESIG_TYPE":"National","GIS_AREA":8.06536394552,"GIS_M_AREA":0.0,"GOV_TYPE":"Federal or national ministry or agency","INT_CRIT":"Not Applicable","ISO3":"KEN","IUCN_CAT":"Not Reported","MANG_AUTH":"Kenya Forest Service","MANG_PLAN":"Not Reported","MARINE":"0","METADATAID":178,"NAME":"Mau Narok","NO_TAKE":"Not Applicable","NO_TK_AREA":0.0,"ORIG_NAME":"Mau Narok","OWN_TYPE":"State","PARENT_ISO":"KEN","PA_DEF":"1","REP_AREA":8.51,"REP_M_AREA":0.0,"STATUS":"Designated","STATUS_YR":1967,"SUB_LOC":"Not Reported","SUPP_INFO":"Not Applicable","VERIF":"State Verified","WDPAID":7650.0,"WDPA_PID":"7650"}},{"type":"Feature","geometry":{"type":"Polygon","coordinates":[[[35.604677826399424,-0.7394723119804973],[35.622068322793204,-0.7531249098174435],[35.62640259526559,-0.7575167585884677],[35.626464999207634,-0.7581811004899438],[35.625907616828066,-0.760035952647385],[35.624770564817936,-0.7620780387823145],[35.624235446510596,-0.7635449596449797],[35.623312371577335,-0.7649182413598531],[35.62259452832548,-0.7667507810847601],[35.62215300649084,-0.7682667200857718],[35.622549892346875,-0.7707903583467363],[35.62226455522547,-0.7726005695249901],[35.620877735656364,-0.7747764046713818],[35.62020442454927,-0.7766356845600306],[35.61934830175634,-0.7784904787410624],[35.61831378355856,-0.7792662959508108],[35.61687791800867,-0.7819236681190824],[35.61572304933613,-0.7839167133963361],[35.61534398580174,-0.7861193150305741],[35.614510173245854,-0.788023176673589],[35.614407541862874,-0.7897219062628643],[35.61544653255148,-0.7924328046119629],[35.61616443957954,-0.7944525917031039],[35.616405242385476,-0.7964946486346124],[35.616485509827335,-0.7987462540782151],[35.61612881138316,-0.8008329034145867],[35.614768753686626,-0.8026387061556375],[35.613591575992054,-0.8049081640453656],[35.61254371649317,-0.8076368762146409],[35.612392101992874,-0.8100445459284096],[35.61306981742901,-0.8120910661660263],[35.614148960261666,-0.8155331063718377],[35.614866878863936,-0.8179452413665412],[35.61597269795267,-0.8207274628233813],[35.61645430399147,-0.8242854468038632],[35.61641867592341,-0.8268313176811547],[35.61620015119848,-0.8287128953504619],[35.61644537611641,-0.830616720533166],[35.618697255199244,-0.8289937369234354],[35.623798438928276,-0.8250389379267127],[35.62864994092405,-0.8209459196230043],[35.63460729704411,-0.816375828869291],[35.6421476261894,-0.8105929594624702],[35.648475134047516,-0.80833686562792],[35.65342914573141,-0.8062413048873042],[35.65705886880312,-0.8044622957195686],[35.66319015331171,-0.8007883178332241],[35.66835822115154,-0.7971322435302284],[35.670890975585685,-0.7946131156500102],[35.673860804419974,-0.7915232250830756],[35.67817268857175,-0.786284297619568],[35.681485818161256,-0.7827128706210682],[35.683652922118824,-0.7799663005961535],[35.68596727502818,-0.775543320760048],[35.68656917422847,-0.770589699872344],[35.68915995682452,-0.7656182212353354],[35.69212969181829,-0.7624124487251007],[35.69615185021754,-0.759121877963337],[35.70102114873967,-0.7563619693051501],[35.70583697661534,-0.7544714573957542],[35.709422071250515,-0.7522109213188093],[35.71409972119592,-0.7503650077332573],[35.71915633875893,-0.7506325316803635],[35.72183622710692,-0.7546319918014337],[35.72314272339485,-0.7623455525904962],[35.72557742080194,-0.7686635380422695],[35.72769100357658,-0.7716062744344337],[35.72833758241243,-0.7746827913463793],[35.72835991261885,-0.7787892504603646],[35.72897524066243,-0.7828510897759242],[35.72884592634748,-0.7862485860265953],[35.72767317259117,-0.7906047573427571],[35.72824401211383,-0.794965305981643],[35.728725527199664,-0.7991876925487045],[35.72863637338837,-0.802674382558415],[35.727111327865785,-0.8055858817582272],[35.727485947003856,-0.8078820533463277],[35.726964179387096,-0.8111368765747157],[35.72759743251996,-0.8124254511316833],[35.72889050314853,-0.8108916900881405],[35.7308881848431,-0.8092196894006537],[35.73345670207943,-0.808149622461265],[35.73602955225004,-0.8068030925397508],[35.73697490658109,-0.8051801365838637],[35.737469865545755,-0.803365478686061],[35.73924014557974,-0.8013055206327239],[35.74038607040729,-0.8011271925754533],[35.74243286527835,-0.8036329701672025],[35.74491212504301,-0.8066470107270491],[35.74683843190779,-0.8096343099491803],[35.747855130629404,-0.8122292360222062],[35.747427044153625,-0.8148687630224543],[35.74661543119949,-0.8169554214282011],[35.74550516661282,-0.8192204354704749],[35.74430116848742,-0.8211019622797977],[35.74305266662123,-0.8236657034101933],[35.7421251287893,-0.8259351566088194],[35.74148749233792,-0.829582307950219],[35.74137602623135,-0.8327256215182127],[35.741407266747785,-0.8359581329124137],[35.741951266311666,-0.8402740817278688],[35.74181747442005,-0.8441530721304394],[35.74078295394551,-0.8492670998882725],[35.74020329004462,-0.8548627028584669],[35.7403459987228,-0.8574798955378646],[35.737692808523114,-0.8613008707583911],[35.736734132636435,-0.8651531266867563],[35.73702839328951,-0.8695849407463792],[35.737532266314844,-0.8731562745946723],[35.73746536669002,-0.8775524663153814],[35.737750793589996,-0.879692536506926],[35.73865147288664,-0.8818995768619368],[35.73976183291934,-0.8835358500263341],[35.7413894388279,-0.8868262677834866],[35.74208055938339,-0.889791206371299],[35.742093971861436,-0.8915657167437917],[35.74151423418336,-0.8931084107752414],[35.73977074706173,-0.8953867307897395],[35.74143842394398,-0.8993682099921395],[35.74227233261268,-0.902083457643514],[35.74286980906483,-0.9059936083739686],[35.74340046969969,-0.9089407186292819],[35.74433240785766,-0.9101623534290959],[35.74724419663158,-0.9110317789588074],[35.7501381363654,-0.9119948028368521],[35.78218568684065,-0.9211436912591933],[35.84545147213469,-0.9185220975726314],[35.84636557399071,-0.9185889551166393],[35.846762427520474,-0.9166807012420434],[35.8476498081065,-0.9159673501091845],[35.84757401591004,-0.9149552917474492],[35.849941759779384,-0.9143043258924953],[35.85173432603213,-0.9125521185425733],[35.852251531288964,-0.911174414864462],[35.85345106509259,-0.9097699741492984],[35.8544856161482,-0.9067114402739481],[35.87031540365453,-0.9065598163051365],[35.86964652507099,-0.9054630554594509],[35.86934327384953,-0.9040407899623726],[35.86867887845881,-0.9033095472277058],[35.868308834086264,-0.9014280832527954],[35.867849540817765,-0.9009019523869288],[35.86816610578682,-0.9002331821282477],[35.8672698060959,-0.8987930351496256],[35.86730998010263,-0.8981956277812643],[35.86644045366211,-0.8970497796410838],[35.865365800913004,-0.8962739757043123],[35.86417967340174,-0.8953376882074656],[35.86419747376387,-0.8949452950719124],[35.86318975068914,-0.8937326201876141],[35.8634349658734,-0.8925153969736049],[35.86420196544341,-0.8909772199066066],[35.863510826047666,-0.8892339209650215],[35.865147291944346,-0.8887434838804545],[35.866025732591716,-0.8863536869138088],[35.86565559261382,-0.8851409428196142],[35.86614609009409,-0.8834377459526139],[35.86757747358928,-0.8822651371724478],[35.86788513988442,-0.8800135985957906],[35.868282051756026,-0.8773250720953716],[35.87036447559817,-0.8723804928073277],[35.870837144978786,-0.871488789969613],[35.870489317812236,-0.8706505651455999],[35.870734510340505,-0.8697900287981403],[35.8708326536765,-0.869304089308436],[35.871590682079834,-0.868675391691408],[35.872139196010934,-0.8673690688882922],[35.87232200541779,-0.8660270087468966],[35.87310680022908,-0.8642926337268148],[35.873829127263186,-0.8633251243143655],[35.87357055407325,-0.8623664993093717],[35.873441225576016,-0.8612919566187613],[35.87377564950661,-0.8596690204151789],[35.87376225926951,-0.8585677849265334],[35.87357945319678,-0.8572836704541877],[35.8735303832508,-0.8564365622630844],[35.87199198339663,-0.8555760676428932],[35.8720633441219,-0.8549295360243246],[35.87176010217981,-0.8528250741118482],[35.871501522215084,-0.8511798532343825],[35.870944104435594,-0.849614869866565],[35.87030650416318,-0.8489505895204054],[35.869325474646764,-0.84772444424455],[35.86843367954934,-0.8470021512347482],[35.86820178788586,-0.8468282741766786],[35.868139323408194,-0.8464403590900166],[35.86739914469881,-0.8454327165077554],[35.86734117108755,-0.8437116800411509],[35.86611939020787,-0.8433683912104113],[35.866030224167325,-0.84272631359464],[35.866418162251996,-0.842093206696078],[35.86611489863734,-0.8411836349065178],[35.866592001813395,-0.8404747454402738],[35.86644486203724,-0.8402072322897289],[35.86697103727245,-0.8388027656710116],[35.86722522373739,-0.8369569054722477],[35.86766222957659,-0.8355791755783106],[35.867813858559614,-0.8340587684537218],[35.86762654723385,-0.8332383672615983],[35.86768452063568,-0.8322708446023455],[35.86750170049517,-0.8315842242000895],[35.86738575338062,-0.8301886975369243],[35.86727429760077,-0.8295733750065548],[35.86839799755505,-0.8275714848381561],[35.86840689726143,-0.8265860753520609],[35.86859861499184,-0.8261179343203015],[35.86913816690533,-0.8259128766339191],[35.86913816690533,-0.825177154317366],[35.868803723337045,-0.8233491440348347],[35.868620905786706,-0.8220917890299524],[35.868669978783075,-0.8208255675728917],[35.86852284287721,-0.8197956025135789],[35.86845597039075,-0.8191535665698471],[35.86838011496443,-0.8182395519652276],[35.868179496972736,-0.8177847645264786],[35.86745711826754,-0.8174013110298246],[35.86712266758213,-0.816861789624788],[35.86663666770592,-0.8160993749164883],[35.866699050195116,-0.8152477566831622],[35.8672698060959,-0.8151318197447303],[35.86752848308998,-0.8147305952924523],[35.867358970737435,-0.8137496377128814],[35.86718064135374,-0.8125146157797574],[35.867488309194364,-0.8115337373992426],[35.868121523934136,-0.8105929117695384],[35.86876363326441,-0.8093935689816077],[35.86883499690656,-0.8080559503402893],[35.86946370947126,-0.8070215355350874],[35.86966881557014,-0.8063438662242203],[35.86957516216203,-0.8056571899720476],[35.8697178879155,-0.8050998528497831],[35.86957516216203,-0.8043240697172944],[35.86899103187154,-0.8039361828182158],[35.86875473359822,-0.8029552711059452],[35.868759141844215,-0.8010246399808092],[35.86911146803034,-0.7999278481126669],[35.86954397205919,-0.7993125385723645],[35.870279722510276,-0.7986615609509334],[35.87129192959927,-0.7976137992790804],[35.87152830345369,-0.7970965843249338],[35.87148364032711,-0.7958570858307462],[35.872593973133526,-0.7948493781591466],[35.873405545843994,-0.7938506313603542],[35.87383361839507,-0.7930302320507654],[35.874056594454565,-0.7914340793818704],[35.873704290328675,-0.7898824533175561],[35.87397184532895,-0.7889773234078783],[35.87409668184048,-0.7872473377224013],[35.874413304938976,-0.7864759924372944],[35.874413304938976,-0.7857626423547149],[35.87450695260976,-0.7844473195575662],[35.874395506878855,-0.783212243594526],[35.875229350003195,-0.7821644356060712],[35.875956148631374,-0.7806663382499115],[35.874984088262885,-0.7790032735056829],[35.87477001381191,-0.7774025782771057],[35.87369539121921,-0.7753515962423309],[35.8727946630828,-0.7729483248907046],[35.87203215500165,-0.7720833314192239],[35.87172450485956,-0.7710355515141815],[35.87246464303688,-0.7699253486085387],[35.873615132850226,-0.7688240367327535],[35.87368649210874,-0.768244423708302],[35.87466297636876,-0.7667106249674664],[35.874582718983255,-0.7657252555871795],[35.87477891280026,-0.7647086663421604],[35.8745426318441,-0.7631080099829141],[35.87433304729969,-0.761618755740376],[35.87464517836492,-0.7601608064578802],[35.87386039884279,-0.7585110554809374],[35.872839242297786,-0.7566874521819982],[35.87327180908262,-0.7559116310088629],[35.87295518140699,-0.7546631674955271],[35.87257617466334,-0.7535975581972562],[35.875965047486034,-0.7466954797655059],[35.87690150079044,-0.7460935099816206],[35.877601588020354,-0.7443189532343943],[35.878163449688266,-0.7427762359504707],[35.8789125091941,-0.7416214580796131],[35.88028145591287,-0.7409481761944258],[35.881989341871495,-0.7397175326124634],[35.88280979923874,-0.7390487550965043],[35.8829212330904,-0.7381034995120094],[35.88428129551639,-0.7363512213457786],[35.885351449831326,-0.7352410226335592],[35.88758992057119,-0.7347193399404985],[35.88907479848898,-0.7341129608533893],[35.889320099593064,-0.7328020706143366],[35.89015835838761,-0.731856790109566],[35.89131773685732,-0.7307198129204108],[35.89273128576846,-0.7294268259639926],[35.893315406669586,-0.7276968222212564],[35.894060081788524,-0.725877664463396],[35.89469333281002,-0.7239202773925124],[35.8954157116935,-0.7225603402714401],[35.89568319307925,-0.7211380086835798],[35.89549145799089,-0.7196666299583461],[35.89491624992803,-0.7185429981961603],[35.8949519199343,-0.7173257848091741],[35.89581256827002,-0.715390636278939],[35.896062255136215,-0.7146549495329317],[35.896164773690444,-0.7128134785046534],[35.897551546451204,-0.7110166293320138],[35.897703201156695,-0.7096790059444301],[35.89856381945542,-0.7076993153638501],[35.89866633475628,-0.7059514605691158],[35.89742225725861,-0.7040788045117741],[35.89672666944862,-0.7021526056249896],[35.89614698053649,-0.7005028419469064],[35.89598193637043,-0.6998340669126515],[35.862253301169396,-0.679671478514017],[35.86164241534601,-0.6809600407331752],[35.86151755915197,-0.6830066106495566],[35.861709293599326,-0.6851423675087086],[35.86310058134258,-0.6889680162938572],[35.86416178985631,-0.6905954435317538],[35.864491844591655,-0.6922675364886324],[35.8638853845906,-0.6941357657770607],[35.86309168103847,-0.6957007962545674],[35.862253301169396,-0.6973371658932528],[35.862333571082495,-0.6992455116190845],[35.86243613345386,-0.701011185095307],[35.86228898593875,-0.703427809247893],[35.86170488496,-0.705634929414235],[35.86096023729304,-0.7078687195158616],[35.84978568720717,-0.6919509311901428],[35.854124406630774,-0.6776070367680725],[35.83045102291864,-0.6690238801529527],[35.81206167736224,-0.664774635064374],[35.811927920135496,-0.6659696118097613],[35.811825375550065,-0.6662951022972053],[35.811210022018685,-0.6682524912577954],[35.811210022018685,-0.669929009929339],[35.81138389961968,-0.6726577718504552],[35.813537652989666,-0.6760241809032755],[35.81356437061716,-0.6766662132312936],[35.81295352516482,-0.6782134236332531],[35.812208835021295,-0.6796402222122946],[35.81180306875581,-0.6815263225783453],[35.811981439700084,-0.6842595629509215],[35.811976945056855,-0.6863061431158461],[35.81191901407692,-0.6882323358807343],[35.81168271183976,-0.691099322044696],[35.81185209375434,-0.692838260885364],[35.81210629079902,-0.6938236535255299],[35.81316751720556,-0.6956517370762254],[35.81375172668668,-0.6976671123469467],[35.8141262710342,-0.6990760462476863],[35.81456773170073,-0.7007659328336214],[35.814714884710135,-0.7025985099134383],[35.81426451906752,-0.7040788079429972],[35.81344401637368,-0.7046717960814807],[35.812877699764094,-0.7051711797041833],[35.812614599211074,-0.7052336230126472],[35.81122783429404,-0.7064865249875655],[35.809404052949134,-0.7074630175853505],[35.80778541292977,-0.7083235366210296],[35.80673751610721,-0.7094070425934245],[35.80644326345842,-0.7103299985000668],[35.80587689687315,-0.7112529454420348],[35.80588139186196,-0.7119395782611521],[35.805636164878145,-0.7128135049532149],[35.8050430720444,-0.7138746880198467],[35.805096596253314,-0.7146103907030202],[35.80450799445378,-0.7158098153793132],[35.80428498889818,-0.7176735691872292],[35.80477994550954,-0.7196443089356688],[35.80684897389773,-0.721904915165631],[35.806929299990244,-0.7224800523373079],[35.80692031013108,-0.7224800750851313],[35.75010248442696,-0.7218023329388756],[35.75009357143986,-0.7218023547022296],[35.625127224949075,-0.7221189024768209],[35.62511838146554,-0.7221189231854659],[35.620494274408074,-0.7218112461191231],[35.61854114675146,-0.7216596847970759],[35.61587465756225,-0.7221278485880109],[35.613729837689554,-0.7222972429265164],[35.61372533188059,-0.7222972836092648],[35.61372090951228,-0.7222972643774556],[35.61254371649317,-0.7221947162560973],[35.61185247888721,-0.7229972910301952],[35.61059506875326,-0.723474402038704],[35.6095026104804,-0.7237418918939313],[35.608031039414925,-0.7250215386419516],[35.60615379807458,-0.7262789257276056],[35.605846121922745,-0.7279465028226317],[35.6066308732008,-0.729288554775313],[35.60828972411353,-0.7290255416919572],[35.60829865289314,-0.7290255195170707],[35.60883813292624,-0.729926198641868],[35.60880250148718,-0.7316784880681197],[35.60854390188216,-0.733011640525999],[35.60792406053216,-0.7335600461306967],[35.60690733681789,-0.7353257087413468],[35.6060378876688,-0.7354951694614579],[35.605217414137805,-0.7357894331022572],[35.60530211556558,-0.7368728821351018],[35.604833878282065,-0.7384825082037115],[35.604677826399424,-0.7394723119804973]]]},"id":"00000000000000000106","properties":{"CONS_OBJ":"Not Applicable","DESIG":"Community Forest Reserve","DESIG_ENG":"Community Forest Reserve","DESIG_TYPE":"National","GIS_AREA":461.357233605,"GIS_M_AREA":0.0,"GOV_TYPE":"Local communities","INT_CRIT":"Not Applicable","ISO3":"KEN","IUCN_CAT":"Not Reported","MANG_AUTH":"Not Reported","MANG_PLAN":"Not Reported","MARINE":"0","METADATAID":178,"NAME":"Maasai Mau","NO_TAKE":"Not Applicable","NO_TK_AREA":0.0,"ORIG_NAME":"Maasai Mau","OWN_TYPE":"Communal","PARENT_ISO":"KEN","PA_DEF":"1","REP_AREA":464.5,"REP_M_AREA":0.0,"STATUS":"Established","STATUS_YR":1964,"SUB_LOC":"Not Reported","SUPP_INFO":"Not Applicable","VERIF":"State Verified","WDPAID":5.55759518E8,"WDPA_PID":"555759518"}}]}